YEARMO,Year,Month,DAHR, DAY01,DAHR, DAY02,DAHR, DAY03,DAHR, DAY04,DAHR, DAY05,DAHR, DAY06,DAHR, DAY07,DAHR, DAY08,DAHR, DAY09,DAHR, DAY10,DAHR, DAY11,DAHR, DAY12,DAHR, DAY13,DAHR, DAY14,DAHR, DAY15,DAHR, DAY16,DAHR, DAY17,DAHR, DAY18,DAHR, DAY19,DAHR, DAY20,DAHR, DAY21,DAHR, DAY22,DAHR, DAY23,DAHR, DAY24,DAHR, DAY25,DAHR, DAY26,DAHR, DAY27,DAHR, DAY28,DAHR, DAY29,DAHR, DAY30,DAHR, DAY31
195306,1953,6,118,65,218,84,318,75,418,66,518,64,699,-99999,718,36,899,-99999,918,49,1018,49,1118,51,1218,45,1318,46,1418,63,1518,71,1618,73,1718,73,1818,56,1918,77,2018,66,2118,49,2218,61,2318,54,2418,54,2518,85,2618,44,2718,66,2818,57,2918,50,3018,27,3199,-99999
195307,1953,7,118,9,218,56,318,57,418,62,518,65,618,59,718,62,818,24,918,38,1018,51,1118,13,1218,38,1318,4,1418,13,1518,23,1618,30,1718,11,1818,23,1918,25,2018,11,2118,17,2218,26,2318,32,2418,22,2518,19,2618,36,2718,25,2818,36,2918,35,3018,41,3118,30
195308,1953,8,118,45,218,49,318,37,418,41,518,33,618,28,718,30,818,32,918,43,1018,28,1118,43,1218,44,1318,18,1418,30,1518,28,1618,14,1718,35,1899,-99999,1918,10,2018,24,2118,24,2218,27,2318,27,2418,30,2518,22,2618,29,2718,32,2818,28,2918,30,3018,45,3118,15
195309,1953,9,118,20,218,18,399,-99999,418,20,518,22,618,21,718,28,818,29,918,32,1018,33,1118,36,1218,35,1318,39,1418,31,1518,29,1618,29,1718,44,1818,38,1918,36,2018,32,2118,53,2218,36,2318,36,2418,41,2518,34,2618,38,2718,38,2818,31,2918,49,3018,35,3199,-99999
195310,1953,10,118,30,218,26,318,33,499,-99999,518,5,618,22,718,20,818,14,918,18,1099,-99999,1118,12,1218,26,1318,12,1418,26,1599,-99999,1618,12,1718,18,1818,27,1918,15,2018,18,2106,25,2218,6,2399,-99999,2418,8,2518,13,2618,7,2718,7,2818,12,2918,8,3018,12,3118,11
195311,1953,11,118,9,218,6,318,14,418,7,518,6,618,19,718,5,818,1,918,99999,1018,4,1118,15,1218,11,1318,9,1418,10,1518,17,1618,8,1718,11,1818,12,1918,99999,2018,22,2118,8,2218,9,2318,9,2418,9,2518,13,2618,19,2718,11,2818,6,2918,5,3018,6,3199,-99999
195312,1953,12,118,7,218,4,399,-99999,418,11,518,13,618,99999,718,19,818,13,918,99999,1099,-99999,1118,38,1218,99999,1399,-99999,1499,-99999,1599,-99999,1699,-99999,1799,-99999,1899,-99999,1918,62,2018,13,2118,3,2299,-99999,2399,-99999,2499,-99999,2599,-99999,2699,-99999,2799,-99999,2899,-99999,2999,-99999,3099,-99999,3199,-99999
195401,1954,1,199,-99999,299,-99999,318,99999,418,34,518,99999,699,-99999,718,44,818,33,918,26,1018,99999,1199,-99999,1299,-99999,1399,-99999,1499,-99999,1599,-99999,1699,-99999,1799,-99999,1899,-99999,1918,49,2018,2,2199,-99999,2299,-99999,2399,-99999,2499,-99999,2599,-99999,2699,-99999,2799,-99999,2899,-99999,2999,-99999,3099,-99999,3199,-99999
195402,1954,2,199,-99999,218,99999,318,31,418,14,518,24,618,18,718,99999,899,-99999,918,41,1018,21,1118,40,1218,99999,1318,47,1418,35,1518,27,1618,40,1718,99999,1818,24,1918,56,2018,28,2118,20,2218,18,2318,30,2418,31,2518,25,2618,33,2718,40,2899,-99999,2999,-99999,3099,-99999,3199,-99999
195403,1954,3,199,-99999,299,-99999,399,-99999,499,-99999,599,-99999,699,-99999,799,-99999,899,-99999,918,23,1018,11,1118,35,1218,52,1318,99999,1499,-99999,1599,-99999,1618,93,1718,35,1818,27,1918,56,2018,32,2118,14,2218,18,2318,20,2418,11,2518,18,2618,31,2718,12,2818,31,2918,38,3018,99999,3118,32
195404,1954,4,118,99999,218,39,318,39,418,37,518,33,618,44,718,50,818,61,918,45,1018,30,1118,39,1218,3,1318,1,1499,-99999,1518,12,1618,32,1718,33,1818,43,1918,55,2018,47,2118,51,2218,20,2318,2,2418,47,2518,59,2618,44,2718,68,2818,27,2918,31,3099,-99999,3199,-99999
195405,1954,5,118,7,218,28,318,23,418,28,518,19,618,30,718,27,818,24,918,23,1018,6,1118,2,1218,5,1318,9,1418,15,1518,27,1618,19,1718,24,1818,13,1918,22,2018,30,2118,22,2218,32,2318,43,2418,28,2518,11,2618,22,2718,30,2818,34,2918,51,3018,31,3199,-99999
195406,1954,6,199,-99999,218,51,318,49,418,48,518,48,618,53,718,51,818,40,918,46,1018,64,1118,57,1218,58,1318,58,1418,67,1518,62,1618,14,1718,34,1818,45,1918,47,2018,53,2118,36,2218,53,2318,41,2418,50,2518,65,2618,54,2718,51,2818,52,2918,55,3018,54,3199,-99999
195407,1954,7,118,45,218,50,318,75,418,59,518,58,618,49,718,69,818,55,918,63,1018,59,1118,63,1218,71,1318,52,1418,54,1518,60,1618,15,1718,67,1818,58,1918,77,2018,54,2118,68,2218,64,2318,64,2418,40,2518,64,2618,40,2718,47,2818,55,2918,43,3018,46,3118,49
195408,1954,8,118,29,218,52,318,34,418,56,518,75,618,64,718,65,818,51,918,48,1018,40,1118,56,1218,84,1318,60,1418,58,1518,74,1618,53,1718,65,1818,63,1918,69,2018,46,2118,56,2218,52,2318,49,2418,41,2518,43,2618,54,2718,61,2818,62,2918,50,3018,21,3118,49
195409,1954,9,118,33,218,38,318,50,418,62,518,56,618,47,718,55,818,30,918,36,1018,38,1118,46,1218,36,1318,39,1418,58,1518,27,1618,45,1718,47,1818,34,1918,49,2018,48,2118,69,2218,60,2318,31,2418,38,2518,37,2618,32,2718,16,2818,60,2918,46,3018,36,3199,-99999
195410,1954,10,118,38,299,-99999,318,31,418,99999,518,68,618,22,718,12,818,2,918,19,1018,27,1118,46,1218,46,1318,30,1418,33,1518,36,1618,23,1718,24,1818,30,1918,28,2018,31,2118,30,2218,13,2318,3,2418,10,2518,99999,2618,23,2718,11,2818,8,2918,18,3099,-99999,3199,-99999
195411,1954,11,199,-99999,218,99999,318,35,418,4,518,99999,618,32,718,11,818,29,918,7,1018,15,1118,8,1218,12,1318,19,1418,17,1518,16,1618,8,1718,25,1818,23,1918,28,2018,20,2118,21,2218,17,2318,18,2418,20,2518,25,2618,9,2718,23,2818,29,2918,99999,3018,34,3199,-99999
195412,1954,12,118,18,218,99999,318,26,418,6,518,34,618,99999,718,31,818,11,918,99999,1018,30,1118,25,1218,99999,1399,-99999,1499,-99999,1599,-99999,1618,31,1718,99999,1818,31,1918,99999,2099,-99999,2199,-99999,2299,-99999,2399,-99999,2499,-99999,2518,80,2618,12,2718,38,2899,-99999,2999,-99999,3099,-99999,3199,-99999
195501,1955,1,199,-99999,299,-99999,399,-99999,418,4,518,5,618,10,718,99999,818,13,999,-99999,1099,-99999,1199,-99999,1299,-99999,1318,99999,1418,9,1518,4,1618,6,1718,2,1818,99999,1999,-99999,2099,-99999,2199,-99999,2299,-99999,2399,-99999,2499,-99999,2599,-99999,2618,45,2718,99999,2899,-99999,2999,-99999,3099,-99999,3118,51
195502,1955,2,118,14,218,11,318,3,418,3,518,2,618,10,718,99999,899,-99999,918,18,1018,99999,1199,-99999,1299,-99999,1399,-99999,1499,-99999,1518,87,1618,18,1718,99999,1818,44,1918,99999,2099,-99999,2199,-99999,2299,-99999,2399,-99999,2499,-99999,2599,-99999,2618,69,2718,99999,2818,37,2999,-99999,3099,-99999,3199,-99999
195503,1955,3,118,29,218,7,318,30,418,30,518,17,618,99999,799,-99999,818,46,918,43,1018,31,1118,58,1218,59,1318,34,1418,27,1518,40,1618,33,1718,14,1818,4,1918,1,2099,-99999,2118,99999,2299,-99999,2318,44,2418,9,2518,99999,2699,-99999,2799,-99999,2899,-99999,2918,67,3018,36,3118,37
195504,1955,4,118,35,218,17,318,24,418,47,518,45,618,10,718,15,818,19,918,25,1018,16,1118,5,1218,37,1318,40,1499,-99999,1518,31,1618,65,1718,32,1818,44,1918,42,2018,41,2118,32,2218,39,2318,50,2418,60,2518,50,2618,51,2718,40,2818,38,2918,42,3018,27,3199,-99999
195505,1955,5,118,58,218,61,318,64,418,45,518,39,618,44,718,44,818,55,918,29,1018,31,1118,9,1218,21,1318,13,1418,31,1518,29,1618,35,1718,15,1818,32,1999,-99999,2018,33,2118,5,2218,16,2318,32,2418,32,2518,28,2618,32,2718,32,2818,50,2918,43,3018,42,3118,47
195506,1955,6,118,48,218,40,318,43,418,39,518,47,618,17,718,34,818,35,918,18,1018,10,1118,24,1218,31,1318,33,1418,34,1518,24,1618,23,1718,42,1818,51,1918,38,2018,6,2118,29,2218,36,2318,40,2418,40,2518,59,2618,56,2718,45,2818,38,2918,35,3018,49,3199,-99999
195507,1955,7,118,62,218,59,318,51,418,51,518,42,618,54,718,51,818,50,999,-99999,1018,65,1118,41,1218,40,1318,47,1418,37,1518,33,1618,34,1718,33,1818,22,1918,22,2018,30,2118,34,2218,36,2318,37,2418,28,2518,26,2618,56,2718,47,2818,41,2918,40,3018,44,3118,38
195508,1955,8,118,34,218,51,318,47,418,31,518,17,618,20,718,38,818,36,918,36,1099,-99999,1118,19,1218,34,1318,27,1418,34,1518,26,1618,29,1718,27,1818,31,1918,35,2018,27,2118,30,2218,33,2318,19,2418,23,2518,33,2618,32,2718,36,2818,29,2918,20,3018,40,3118,34
195509,1955,9,118,27,218,25,318,37,418,29,518,19,618,23,718,28,899,-99999,918,30,1018,30,1118,18,1218,23,1318,24,1418,35,1518,32,1618,35,1718,38,1818,32,1918,6,2018,23,2118,43,2218,34,2318,7,2418,20,2518,1,2699,-99999,2718,1,2818,15,2918,20,3018,22,3199,-99999
195510,1955,10,118,20,218,3,318,6,499,-99999,518,10,618,24,718,28,818,13,918,24,1099,-99999,1118,14,1218,18,1318,16,1418,25,1518,18,1618,13,1718,26,1818,24,1918,9,2018,19,2118,29,2218,12,2318,30,2418,25,2518,14,2618,22,2718,31,2818,27,2918,37,3018,28,3118,18
195511,1955,11,118,24,218,18,318,99999,418,33,518,20,618,20,718,99999,899,-99999,999,-99999,1099,-99999,1118,87,1218,25,1318,18,1418,20,1518,16,1618,99999,1799,-99999,1818,51,1918,99999,2018,22,2118,19,2218,18,2318,99999,2499,-99999,2518,44,2699,-99999,2799,-99999,2899,-99999,2999,-99999,3099,-99999,3199,-99999
195603,1956,3,118,42,218,99999,318,42,418,15,518,47,618,60,718,99999,899,-99999,918,82,1018,48,1199,-99999,1299,-99999,1399,-99999,1499,-99999,1599,-99999,1699,-99999,1799,-99999,1899,-99999,1999,-99999,2099,-99999,2118,26,2218,4,2318,7,2418,24,2518,24,2618,62,2718,67,2818,60,2918,37,3018,25,3118,38
195604,1956,4,118,36,218,68,318,29,418,26,518,19,618,12,718,38,818,28,918,40,1018,17,1118,15,1218,20,1318,35,1418,44,1518,67,1618,41,1718,39,1818,23,1918,32,2018,22,2118,29,2218,41,2318,36,2418,43,2518,15,2618,33,2718,58,2818,51,2918,30,3018,21,3199,-99999
195605,1956,5,118,13,218,14,318,10,418,23,518,39,618,43,718,35,818,33,918,50,1018,64,1118,72,1218,43,1318,75,1418,48,1518,11,1618,35,1718,53,1818,40,1918,73,2018,65,2118,63,2218,70,2318,65,2418,32,2518,3,2618,17,2718,52,2818,19,2918,26,3018,42,3118,38
195606,1956,6,118,20,218,29,399,-99999,418,6,518,31,618,30,718,28,818,35,918,32,1018,37,1118,32,1218,32,1318,29,1418,38,1518,33,1618,41,1718,49,1818,47,1918,30,2018,45,2118,51,2218,57,2399,-99999,2418,3,2518,16,2618,60,2718,37,2818,53,2918,24,3018,53,3199,-99999
195607,1956,7,118,70,218,60,318,53,418,65,518,10,618,43,718,32,818,60,918,43,1018,37,1199,-99999,1218,43,1318,43,1418,45,1518,70,1699,-99999,1718,28,1818,43,1918,28,2018,15,2118,38,2218,34,2318,37,2418,12,2518,25,2618,44,2718,49,2818,50,2918,57,3018,27,3118,26
195608,1956,8,118,33,299,-99999,318,17,418,44,518,49,618,50,718,34,818,49,918,40,1018,53,1118,82,1218,55,1318,44,1418,51,1518,49,1618,38,1718,58,1818,53,1918,60,2018,11,2118,35,2299,-99999,2399,-99999,2418,43,2518,43,2618,56,2718,49,2818,26,2918,33,3018,53,3118,60
195609,1956,9,118,14,218,11,318,42,418,34,518,45,618,38,718,30,818,54,918,18,1018,28,1118,17,1218,48,1318,48,1418,47,1518,47,1618,48,1718,47,1818,18,1918,41,2018,38,2118,44,2218,56,2318,38,2418,32,2518,28,2618,28,2718,26,2818,31,2918,50,3018,53,3199,-99999
195610,1956,10,118,16,218,25,318,16,418,20,518,24,618,26,718,37,818,32,918,30,1018,26,1118,31,1218,30,1318,30,1418,19,1518,35,1618,6,1718,17,1818,15,1918,11,2018,11,2118,17,2218,5,2318,2,2418,28,2518,26,2618,14,2718,17,2818,6,2918,19,3018,20,3118,16
195611,1956,11,199,-99999,218,19,318,15,418,15,518,13,618,3,718,4,818,16,918,7,1018,7,1118,12,1218,14,1318,15,1418,15,1518,28,1618,99999,1718,18,1818,19,1918,5,2018,10,2118,99999,2299,-99999,2318,37,2418,13,2518,10,2618,99999,2799,-99999,2818,43,2999,-99999,3099,-99999,3199,-99999
195612,1956,12,199,-99999,218,10,318,15,418,16,518,25,618,23,718,1,818,99999,999,-99999,1099,-99999,1199,-99999,1218,11,1318,99999,1499,-99999,1599,-99999,1699,-99999,1718,20,1818,99999,1918,12,2018,99999,2199,-99999,2218,2,2318,1,2418,99999,2599,-99999,2699,-99999,2799,-99999,2818,30,2918,99999,3099,-99999,3118,33
195701,1957,1,118,6,218,99999,318,22,418,2,518,1,618,1,718,1,899,-99999,918,1,1018,99999,1199,-99999,1299,-99999,1399,-99999,1499,-99999,1599,-99999,1699,-99999,1799,-99999,1899,-99999,1999,-99999,2099,-99999,2118,86,2299,-99999,2399,-99999,2499,-99999,2599,-99999,2699,-99999,2799,-99999,2899,-99999,2999,-99999,3099,-99999,3199,-99999
195702,1957,2,199,-99999,299,-99999,399,-99999,499,-99999,518,1,618,1,718,1,818,0,918,3,1018,4,1118,25,1218,17,1318,3,1418,9,1518,9,1618,1,1718,12,1818,12,1918,2,2018,9,2118,4,2218,5,2318,99999,2499,-99999,2599,-99999,2699,-99999,2718,26,2818,8,2999,-99999,3099,-99999,3199,-99999
195703,1957,3,118,15,218,8,318,13,418,13,518,0,618,0,799,-99999,899,-99999,999,-99999,1018,24,1118,6,1218,32,1318,27,1418,39,1518,30,1618,5,1718,24,1818,1,1918,18,2018,11,2118,23,2218,1,2318,9,2418,15,2518,4,2618,16,2718,9,2818,99999,2918,8,3018,29,3118,3
195704,1957,4,118,5,218,11,399,-99999,499,-99999,599,-99999,699,-99999,718,29,818,8,918,9,1018,35,1118,21,1218,7,1318,99999,1418,21,1518,22,1618,7,1718,3,1818,14,1918,29,2018,21,2199,-99999,2299,-99999,2399,-99999,2499,-99999,2518,18,2699,-99999,2718,18,2818,8,2918,16,3018,0,3199,-99999
195705,1957,5,118,22,218,18,318,0,418,17,518,14,618,8,718,28,818,27,918,23,1018,28,1118,22,1299,-99999,1318,16,1418,44,1518,34,1618,29,1718,26,1899,-99999,1918,29,2018,14,2118,35,2218,51,2318,11,2418,10,2599,-99999,2618,6,2718,40,2818,19,2918,16,3018,72,3199,-99999
195706,1957,6,199,-99999,299,-99999,318,23,499,-99999,518,13,618,26,718,23,818,31,918,32,1018,34,1118,23,1218,99999,1318,62,1418,37,1599,-99999,1618,16,1718,15,1818,42,1918,19,2018,27,2118,47,2218,41,2318,37,2418,13,2518,30,2618,44,2718,9,2818,19,2918,28,3018,44,3199,-99999
195707,1957,7,118,43,218,36,318,39,499,-99999,518,35,618,57,718,51,818,63,918,43,1018,43,1118,40,1218,48,1318,55,1418,54,1518,41,1618,51,1718,52,1818,41,1918,34,2018,53,2118,30,2218,45,2318,19,2418,29,2518,19,2618,19,2718,37,2818,43,2918,34,3018,39,3118,34
195708,1957,8,118,34,218,24,318,37,418,29,518,35,618,35,718,34,818,33,918,42,1018,34,1118,40,1218,23,1318,40,1418,25,1518,32,1618,41,1718,25,1818,13,1918,21,2018,49,2118,32,2218,26,2318,26,2418,28,2518,29,2618,22,2718,46,2818,52,2918,38,3018,34,3118,41
195709,1957,9,118,22,218,11,318,25,418,19,518,30,618,31,718,32,818,22,918,21,1018,27,1118,21,1218,18,1318,18,1418,26,1599,-99999,1618,3,1718,22,1818,18,1918,20,2018,19,2199,-99999,2218,12,2318,20,2418,9,2518,13,2618,11,2718,14,2818,23,2918,12,3018,14,3199,-99999
195710,1957,10,118,19,218,15,318,34,418,2,518,32,618,21,718,99999,818,29,918,8,1018,6,1118,9,1218,10,1318,99999,1418,29,1518,4,1618,4,1718,23,1818,6,1918,14,2018,7,2118,5,2218,7,2318,18,2418,10,2518,7,2618,3,2718,9,2818,8,2918,15,3018,11,3118,9
195711,1957,11,118,10,218,12,318,22,499,-99999,599,-99999,699,-99999,799,-99999,818,18,918,18,1018,1,1118,9,1218,2,1399,-99999,1499,-99999,1518,4,1618,25,1718,8,1899,-99999,1918,12,2018,15,2118,12,2218,7,2318,3,2418,99999,2599,-99999,2699,-99999,2718,25,2818,8,2918,15,3099,-99999,3199,-99999
195803,1958,3,199,-99999,299,-99999,399,-99999,499,-99999,518,9,618,13,718,99999,818,10,918,8,1018,99999,1118,29,1299,-99999,1399,-99999,1499,-99999,1599,-99999,1618,11,1718,99999,1899,-99999,1918,12,2018,9,2118,21,2218,12,2318,99999,2418,24,2518,11,2618,12,2718,8,2818,11,2918,5,3018,99999,3118,27
195804,1958,4,118,7,218,15,318,7,418,13,518,53,618,46,718,27,818,22,918,20,1018,1,1118,7,1218,15,1318,7,1418,2,1518,19,1618,10,1718,28,1818,5,1918,18,2018,40,2118,23,2299,-99999,2318,23,2418,51,2518,21,2618,8,2718,31,2818,16,2918,30,3018,27,3199,-99999
195805,1958,5,118,20,218,5,318,10,418,20,518,16,618,38,718,29,818,23,918,44,1018,19,1118,2,1218,32,1318,22,1418,6,1518,10,1618,5,1718,25,1818,17,1918,18,2018,29,2118,33,2218,48,2318,34,2418,48,2518,32,2618,29,2718,23,2818,12,2918,20,3018,39,3118,54
195806,1958,6,118,61,218,27,318,53,418,37,518,53,618,46,718,52,818,44,918,40,1018,66,1118,66,1218,65,1318,83,1418,58,1518,56,1618,49,1718,40,1818,31,1918,39,2099,-99999,2199,-99999,2218,14,2318,18,2418,23,2518,27,2618,30,2718,33,2818,29,2918,43,3018,36,3199,-99999
195807,1958,7,118,37,218,15,318,9,418,58,518,27,618,99999,718,9,818,20,918,29,1018,50,1118,38,1218,41,1318,38,1418,35,1518,48,1618,48,1718,49,1818,46,1918,47,2099,-99999,2118,22,2218,20,2399,-99999,2418,24,2518,37,2618,23,2718,50,2818,42,2918,31,3018,28,3118,19
195808,1958,8,118,50,218,40,318,21,418,32,518,39,618,37,718,48,818,20,918,14,1018,37,1118,27,1218,25,1318,33,1418,15,1518,35,1618,39,1718,27,1818,24,1918,21,2018,24,2118,33,2218,21,2318,23,2418,69,2518,20,2618,25,2718,34,2818,99999,2918,47,3018,39,3118,37
195809,1958,9,118,17,299,-99999,318,52,418,38,518,27,618,32,718,22,818,30,918,26,1018,23,1118,19,1218,13,1318,14,1418,19,1518,30,1618,0,1718,18,1818,14,1918,28,2018,5,2118,11,2218,15,2318,16,2418,25,2518,30,2618,36,2718,22,2818,35,2918,15,3018,10,3199,-99999
195810,1958,10,118,24,218,20,318,5,418,14,518,13,618,12,718,14,818,31,918,21,1018,48,1118,37,1218,7,1318,2,1418,13,1518,7,1618,20,1718,15,1818,15,1918,16,2018,26,2118,48,2218,12,2318,19,2418,26,2518,23,2618,13,2718,6,2818,13,2918,17,3018,15,3118,15
195811,1958,11,118,1,218,8,318,13,418,19,518,17,618,22,718,11,818,22,918,11,1018,16,1118,5,1218,2,1318,10,1499,-99999,1518,5,1618,4,1718,11,1899,-99999,1999,-99999,2099,-99999,2199,-99999,2299,-99999,2399,-99999,2499,-99999,2599,-99999,2699,-99999,2799,-99999,2899,-99999,2999,-99999,3099,-99999,3199,-99999
195904,1959,4,199,-99999,218,39,318,51,418,33,518,32,618,17,718,23,818,18,918,7,1018,15,1118,19,1218,22,1318,32,1418,13,1518,40,1618,19,1718,25,1818,35,1918,41,2018,31,2118,14,2218,11,2318,13,2418,32,2518,41,2618,39,2718,44,2818,48,2918,31,3018,26,3199,-99999
195905,1959,5,118,53,218,60,318,29,418,40,518,23,699,-99999,718,21,899,-99999,999,-99999,1018,51,1118,7,1218,24,1318,20,1418,43,1518,21,1618,20,1718,20,1818,51,1918,35,2018,51,2118,46,2299,-99999,2399,-99999,2418,15,2518,15,2699,-99999,2799,-99999,2818,36,2918,29,3018,43,3118,31
195906,1959,6,118,35,218,15,318,29,418,29,518,9,618,28,718,30,818,24,918,32,1018,30,1118,36,1299,-99999,1318,28,1418,38,1518,35,1618,41,1718,99999,1818,86,1918,33,2018,43,2118,42,2218,39,2318,10,2418,38,2518,32,2618,99999,2718,27,2818,31,2918,30,3018,40,3199,-99999
195907,1959,7,199,-99999,218,18,318,22,418,39,518,40,618,15,718,30,818,37,999,-99999,1018,22,1118,32,1218,31,1318,15,1418,40,1518,27,1618,19,1718,32,1818,36,1918,24,2018,22,2199,-99999,2218,28,2318,30,2418,35,2518,40,2618,32,2718,9,2818,12,2918,28,3018,36,3118,17
195908,1959,8,118,42,218,35,318,37,418,50,518,37,618,21,718,47,818,31,918,37,1018,29,1118,27,1218,31,1318,34,1418,33,1518,36,1618,45,1718,26,1818,44,1918,13,2018,13,2118,34,2218,31,2318,25,2418,25,2518,20,2618,31,2718,30,2818,26,2918,30,3018,34,3118,34
195909,1959,9,118,23,218,37,399,-99999,418,7,518,27,618,59,718,12,818,35,918,15,1018,17,1118,31,1218,26,1318,25,1418,15,1518,20,1618,33,1718,36,1818,33,1918,31,2018,39,2118,52,2218,17,2318,48,2418,15,2599,-99999,2618,13,2718,26,2818,26,2918,41,3018,36,3199,-99999
195910,1959,10,199,-99999,299,-99999,399,-99999,499,-99999,518,2,618,11,718,9,818,26,918,22,1018,16,1118,9,1218,25,1318,8,1418,7,1518,8,1618,19,1718,20,1818,21,1918,13,2018,15,2118,18,2218,22,2318,11,2418,41,2518,23,2618,99999,2718,74,2818,2,2918,19,3099,-99999,3199,-99999
196004,1960,4,118,54,218,60,318,4,418,25,518,31,618,22,718,50,818,39,918,24,1018,21,1118,28,1218,31,1318,13,1418,8,1518,29,1618,34,1718,43,1818,30,1918,21,2018,47,2118,44,2218,37,2318,31,2418,27,2518,20,2618,36,2718,34,2818,15,2918,22,3018,54,3199,-99999
196005,1960,5,118,13,218,22,318,39,418,25,599,-99999,618,29,718,18,818,45,918,13,1018,28,1118,49,1218,38,1318,23,1499,-99999,1518,23,1618,13,1799,-99999,1899,-99999,1999,-99999,2099,-99999,2118,28,2218,17,2318,22,2418,37,2518,21,2618,44,2718,25,2818,48,2918,99999,3018,26,3118,3
196006,1960,6,118,33,218,19,318,37,418,49,518,20,618,21,718,26,818,3,918,18,1018,14,1118,39,1218,42,1318,99999,1418,84,1518,28,1618,99999,1718,86,1818,47,1918,53,2018,50,2118,43,2218,57,2318,67,2418,54,2518,38,2618,27,2718,32,2818,45,2918,64,3018,40,3199,-99999
196007,1960,7,118,67,218,45,318,76,418,99999,599,-99999,618,78,718,9,818,3,918,17,1018,46,1118,33,1218,37,1318,55,1418,13,1518,25,1618,5,1718,36,1818,33,1918,27,2018,13,2118,10,2218,99999,2318,73,2418,22,2518,34,2618,19,2718,35,2818,35,2918,30,3018,55,3118,35
196008,1960,8,118,27,218,43,318,44,418,45,518,44,618,36,718,32,818,53,918,36,1018,8,1118,27,1218,31,1318,68,1418,37,1518,99999,1699,-99999,1799,-99999,1818,65,1918,16,2018,29,2118,43,2218,19,2318,25,2418,38,2518,20,2618,37,2718,20,2818,29,2918,34,3018,16,3118,28
196009,1960,9,118,26,218,30,318,22,418,30,518,25,618,30,718,34,818,32,918,23,1018,32,1118,31,1218,24,1318,32,1418,28,1518,49,1699,-99999,1799,-99999,1818,29,1918,28,2018,26,2118,20,2218,12,2318,32,2418,28,2518,21,2618,25,2718,99999,2818,22,2918,15,3018,29,3199,-99999
196010,1960,10,118,24,299,-99999,318,27,499,-99999,518,12,618,17,718,24,818,29,918,15,1018,19,1118,19,1218,22,1318,19,1418,17,1518,25,1618,7,1718,23,1899,-99999,1918,10,2018,14,2199,-99999,2299,-99999,2399,-99999,2499,-99999,2599,-99999,2699,-99999,2799,-99999,2899,-99999,2999,-99999,3099,-99999,3199,-99999
196104,1961,4,199,-99999,299,-99999,318,29,418,30,518,37,618,11,799,-99999,818,99999,918,53,1018,11,1118,20,1218,16,1318,19,1418,46,1518,29,1618,25,1718,20,1806,22,1999,-99999,2018,31,2118,46,2218,37,2318,39,2418,26,2599,-99999,2618,31,2718,9,2818,30,2999,-99999,3099,-99999,3199,-99999
196105,1961,5,199,-99999,299,-99999,399,-99999,499,-99999,518,10,618,2,718,1,818,2,918,26,1018,11,1118,46,1218,48,1318,50,1418,42,1518,59,1618,40,1718,21,1818,19,1918,17,2018,13,2118,22,2218,11,2318,22,2418,16,2518,12,2618,26,2718,44,2818,40,2918,45,3018,42,3118,43
196106,1961,6,118,59,218,57,318,47,499,-99999,599,-99999,618,7,799,-99999,818,28,918,22,1018,28,1118,32,1218,24,1318,34,1418,33,1518,14,1618,19,1718,7,1818,10,1918,13,2018,16,2118,36,2218,29,2318,55,2418,30,2518,13,2618,21,2718,31,2818,45,2918,41,3018,46,3199,-99999
196107,1961,7,118,46,218,39,318,40,418,17,518,37,618,47,718,55,818,30,918,29,1018,30,1118,36,1218,19,1318,26,1499,-99999,1599,-99999,1618,24,1718,50,1818,14,1918,43,2018,32,2199,-99999,2299,-99999,2399,-99999,2418,25,2518,31,2618,32,2718,28,2818,36,2918,27,3099,-99999,3118,37
196108,1961,8,118,48,218,34,318,32,418,15,518,37,618,46,718,16,818,27,918,29,1018,31,1118,36,1218,24,1399,-99999,1418,22,1518,17,1618,20,1718,24,1818,47,1918,6,2018,14,2118,7,2218,20,2318,22,2418,16,2518,19,2618,22,2718,24,2818,25,2918,27,3018,25,3118,22
196109,1961,9,118,28,218,43,318,53,499,-99999,599,-99999,618,18,718,18,818,18,918,22,1018,25,1118,20,1218,21,1399,-99999,1499,-99999,1518,16,1618,34,1718,1,1818,22,1918,23,2099,-99999,2118,19,2218,30,2318,25,2418,26,2518,21,2618,14,2718,21,2818,24,2918,4,3018,29,3199,-99999
196110,1961,10,118,25,218,23,399,-99999,418,19,518,22,618,24,718,14,818,25,918,9,1099,-99999,1199,-99999,1218,7,1318,18,1418,21,1518,19,1618,13,1718,16,1818,23,1918,15,2018,17,2118,14,2218,19,2318,25,2418,15,2518,16,2699,-99999,2718,19,2818,8,2918,21,3018,3,3199,-99999
196204,1962,4,199,-99999,299,-99999,318,5,418,32,518,11,618,15,718,99999,899,-99999,918,39,1018,99999,1118,24,1218,11,1318,21,1418,11,1518,11,1699,-99999,1718,25,1818,8,1918,24,2018,42,2118,66,2218,40,2318,17,2418,99999,2518,13,2618,25,2718,35,2899,-99999,2918,33,3018,11,3199,-99999
196205,1962,5,118,42,218,30,318,42,418,41,518,41,618,41,718,28,818,46,918,46,1018,52,1118,52,1218,35,1318,50,1418,53,1518,49,1618,55,1718,33,1899,-99999,1918,79,2018,48,2118,50,2218,49,2318,99999,2418,98,2518,43,2618,48,2799,-99999,2818,40,2918,8,3018,45,3118,53
196206,1962,6,199,-99999,299,-99999,318,15,418,4,518,52,699,-99999,718,23,818,43,999,-99999,1018,20,1118,14,1218,27,1318,21,1418,27,1518,60,1618,4,1718,46,1818,19,1999,-99999,2018,29,2118,49,2218,49,2318,8,2418,33,2599,-99999,2618,20,2718,25,2899,-99999,2999,-99999,3018,33,3199,-99999
196207,1962,7,118,17,218,36,318,33,418,40,518,29,618,40,718,46,818,41,918,39,1018,22,1118,19,1218,65,1318,44,1418,64,1518,38,1618,18,1718,19,1818,32,1918,31,2018,26,2118,29,2218,42,2318,20,2418,37,2518,6,2618,10,2718,27,2818,40,2918,14,3018,2,3118,23
196208,1962,8,118,30,218,20,318,24,418,25,518,45,618,99999,718,88,818,44,918,25,1018,32,1199,-99999,1218,28,1318,99999,1499,-99999,1518,89,1618,26,1718,39,1818,37,1918,48,2018,41,2118,39,2218,37,2318,99999,2418,53,2518,42,2618,29,2718,27,2818,36,2918,36,3018,15,3118,24
196209,1962,9,118,16,218,17,318,17,499,-99999,599,-99999,618,39,718,9,899,-99999,918,36,1018,21,1118,9,1218,20,1318,33,1418,37,1599,-99999,1618,4,1718,17,1818,18,1918,24,2099,-99999,2199,-99999,2218,28,2318,8,2418,36,2518,18,2699,-99999,2718,15,2818,16,2918,21,3018,14,3199,-99999
196210,1962,10,118,13,218,23,318,11,418,12,518,36,699,-99999,718,18,818,21,918,16,1018,4,1118,16,1218,28,1318,27,1418,24,1518,28,1618,36,1718,3,1818,13,1918,18,2018,8,2118,13,2218,13,2318,20,2418,7,2518,30,2618,17,2718,5,2818,99999,2918,22,3018,14,3199,-99999
196211,1962,11,199,-99999,218,13,318,12,418,10,518,21,618,10,718,16,818,11,918,9,1018,9,1118,2,1218,8,1318,19,1418,31,1518,16,1618,27,1718,9,1899,-99999,1918,1,2018,6,2118,2,2218,11,2318,11,2418,1,2518,15,2618,99999,2718,20,2899,-99999,2918,5,3018,17,3199,-99999
196304,1963,4,199,-99999,218,28,318,23,418,15,518,23,618,0,718,14,818,36,918,27,1018,26,1118,29,1218,17,1318,26,1418,30,1518,39,1618,48,1718,53,1818,39,1918,45,2018,43,2118,53,2218,43,2318,56,2418,27,2599,-99999,2699,-99999,2799,-99999,2818,21,2918,10,3099,-99999,3199,-99999
196305,1963,5,199,-99999,206,23,306,27,406,9,506,40,606,14,706,5,806,45,906,51,1006,35,1106,53,1206,38,1306,31,1406,73,1506,8,1606,39,1706,63,1806,26,1906,44,2006,23,2106,26,2206,36,2306,14,2406,5,2506,28,2606,34,2706,49,2806,36,2906,36,3006,41,3106,74
196306,1963,6,118,99999,299,-99999,318,16,418,35,518,44,618,11,718,79,818,83,918,38,1018,10,1118,62,1218,25,1318,53,1418,2,1518,52,1618,48,1718,27,1818,1,1918,16,2018,53,2118,36,2218,41,2318,67,2418,90,2518,39,2618,26,2718,45,2818,35,2918,30,3018,49,3199,-99999
196307,1963,7,118,51,218,31,318,49,418,47,518,58,618,47,718,44,818,34,918,47,1018,49,1118,51,1218,15,1318,20,1418,24,1518,25,1618,30,1718,40,1818,44,1918,47,2018,46,2118,42,2218,38,2318,45,2418,54,2518,41,2618,39,2718,30,2818,31,2918,3,3018,17,3118,26
196308,1963,8,118,41,218,39,318,47,418,39,518,42,618,41,718,41,818,46,918,30,1018,32,1118,46,1218,45,1318,38,1418,22,1518,32,1618,30,1718,35,1818,40,1918,28,2018,9,2118,39,2218,22,2318,43,2418,51,2518,35,2618,30,2718,32,2818,51,2918,46,3018,8,3118,25
196309,1963,9,118,17,218,27,318,34,418,32,518,32,618,8,718,25,818,24,918,33,1018,30,1118,52,1218,17,1318,14,1418,26,1518,10,1618,18,1718,12,1818,7,1918,4,2018,35,2118,23,2218,19,2318,21,2418,32,2518,47,2618,32,2718,19,2818,21,2918,38,3018,26,3199,-99999
196310,1963,10,118,19,218,35,318,13,418,19,518,30,618,19,718,23,818,23,918,22,1018,22,1118,38,1218,26,1318,19,1418,29,1518,27,1618,31,1718,8,1818,40,1918,24,2018,19,2118,12,2218,9,2318,10,2418,15,2518,31,2618,22,2718,21,2818,21,2918,26,3018,21,3118,31
196311,1963,11,118,11,218,14,318,24,418,2,518,5,618,23,718,15,818,26,918,8,1018,8,1118,14,1218,19,1318,30,1418,7,1518,12,1699,-99999,1799,-99999,1899,-99999,1999,-99999,2099,-99999,2199,-99999,2299,-99999,2399,-99999,2499,-99999,2599,-99999,2699,-99999,2799,-99999,2899,-99999,2999,-99999,3099,-99999,3199,-99999
196404,1964,4,199,-99999,299,-99999,399,-99999,499,-99999,599,-99999,699,-99999,799,-99999,899,-99999,999,-99999,1099,-99999,1199,-99999,1299,-99999,1399,-99999,1499,-99999,1599,-99999,1699,-99999,1799,-99999,1899,-99999,1999,-99999,2099,-99999,2199,-99999,2299,-99999,2399,-99999,2418,40,2518,27,2618,29,2718,46,2818,44,2918,45,3018,22,3199,-99999
196405,1964,5,118,33,218,9,318,37,418,49,518,39,699,-99999,718,32,818,34,918,35,1099,-99999,1199,-99999,1218,19,1318,20,1418,20,1518,44,1618,17,1718,19,1818,45,1918,29,2018,33,2118,38,2218,44,2318,45,2418,49,2518,36,2618,52,2718,48,2818,45,2999,-99999,3099,-99999,3199,-99999
196406,1964,6,118,20,218,22,318,17,418,37,518,20,618,18,718,41,818,51,918,62,1018,46,1118,59,1218,20,1318,29,1418,99999,1518,41,1618,52,1718,20,1818,40,1918,46,2018,39,2118,58,2218,60,2318,99,2418,30,2518,35,2618,35,2718,38,2818,40,2918,40,3018,40,3199,-99999
196407,1964,7,118,49,218,24,318,38,418,45,518,53,618,71,718,53,818,63,918,44,1018,50,1118,55,1218,30,1318,52,1418,43,1518,52,1618,93,1718,8,1818,35,1918,47,2018,49,2118,44,2218,45,2318,44,2418,43,2518,35,2618,54,2718,48,2818,43,2918,42,3018,31,3118,41
196408,1964,8,199,-99999,218,12,318,28,418,61,518,31,618,46,799,-99999,818,16,918,38,1018,31,1118,44,1218,56,1318,39,1418,30,1599,-99999,1699,-99999,1718,11,1899,-99999,1918,18,2018,36,2118,39,2218,28,2318,26,2418,26,2518,37,2618,37,2718,33,2818,40,2918,18,3018,36,3118,28
196409,1964,9,118,33,218,32,318,36,418,34,518,29,618,33,718,34,818,33,918,36,1018,25,1118,49,1218,9,1318,28,1418,10,1518,21,1618,29,1718,5,1818,13,1918,23,2018,41,2118,6,2299,-99999,2318,8,2418,25,2518,21,2618,13,2718,41,2818,12,2918,13,3018,12,3199,-99999
196410,1964,10,118,7,218,12,318,21,418,17,518,32,618,15,718,21,818,28,918,26,1018,17,1118,27,1218,14,1318,15,1418,10,1518,12,1618,15,1718,23,1818,20,1918,34,2018,18,2118,18,2218,15,2318,16,2418,15,2518,30,2618,49,2718,8,2818,99999,2918,14,3018,12,3118,19
196411,1964,11,118,22,218,14,399,-99999,499,-99999,599,-99999,699,-99999,718,10,818,5,918,1,1018,25,1118,15,1218,13,1318,11,1418,18,1518,8,1618,16,1799,-99999,1899,-99999,1999,-99999,2099,-99999,2199,-99999,2299,-99999,2399,-99999,2499,-99999,2599,-99999,2699,-99999,2799,-99999,2899,-99999,2999,-99999,3099,-99999,3199,-99999
196504,1965,4,199,-99999,299,-99999,318,18,418,35,518,34,618,1,718,29,818,32,918,29,1018,10,1118,50,1218,40,1318,28,1418,77,1518,79,1618,13,1718,38,1818,53,1918,42,2018,26,2118,52,2218,41,2318,45,2418,46,2518,33,2618,34,2799,-99999,2818,21,2918,17,3018,51,3199,-99999
196505,1965,5,118,35,218,52,318,53,418,30,518,23,618,17,718,49,818,17,918,99999,1018,26,1118,6,1218,33,1318,10,1418,46,1518,32,1618,30,1718,20,1818,29,1918,43,2018,8,2118,65,2218,8,2318,30,2418,26,2518,23,2618,47,2718,22,2818,34,2918,24,3018,22,3118,58
196506,1965,6,118,7,218,24,318,44,418,24,518,27,618,25,718,21,818,38,918,40,1018,45,1118,37,1218,33,1318,37,1418,17,1518,27,1618,10,1718,25,1899,-99999,1918,26,2018,49,2118,49,2218,33,2318,30,2418,31,2518,18,2618,28,2718,46,2818,44,2918,57,3018,35,3199,-99999
196507,1965,7,118,56,218,58,318,68,418,26,518,43,618,20,718,49,818,33,918,57,1018,24,1118,52,1218,70,1318,46,1418,56,1518,38,1618,29,1718,40,1818,47,1918,56,2018,60,2118,60,2218,33,2318,50,2418,46,2518,37,2618,22,2718,24,2818,48,2918,17,3018,39,3118,29
196508,1965,8,118,19,218,46,318,23,418,42,518,50,618,99999,799,-99999,899,-99999,918,193,1018,63,1118,17,1218,31,1318,29,1418,30,1518,48,1618,13,1799,-99999,1818,33,1918,24,2018,29,2118,36,2218,31,2318,22,2418,9,2518,27,2618,38,2718,95,2899,-99999,2918,19,3018,32,3118,36
196509,1965,9,199,-99999,218,22,318,41,418,12,518,27,618,34,718,21,818,25,918,31,1018,29,1118,22,1218,28,1318,23,1418,35,1518,45,1618,62,1718,40,1818,13,1918,22,2018,9,2118,29,2218,17,2318,15,2418,23,2518,9,2618,11,2718,19,2818,17,2918,17,3018,38,3199,-99999
196510,1965,10,118,20,218,15,318,8,418,7,518,99999,618,10,718,10,818,21,918,20,1018,21,1118,20,1218,29,1318,18,1418,18,1518,11,1618,15,1718,20,1899,-99999,1999,-99999,2018,13,2118,19,2218,24,2318,21,2418,7,2518,10,2618,16,2718,16,2818,9,2918,12,3018,16,3118,18
196511,1965,11,118,12,218,11,318,19,418,9,518,5,618,99999,718,3,818,5,918,10,1018,6,1118,7,1218,2,1318,19,1418,3,1518,8,1618,18,1718,23,1818,11,1918,9,2018,5,2118,1,2218,1,2318,7,2418,14,2518,13,2618,16,2799,-99999,2899,-99999,2999,-99999,3099,-99999,3199,-99999
196604,1966,4,199,-99999,299,-99999,399,-99999,499,-99999,599,-99999,699,-99999,799,-99999,899,-99999,999,-99999,1099,-99999,1199,-99999,1299,-99999,1399,-99999,1418,17,1518,14,1618,30,1718,59,1818,37,1918,24,2018,59,2199,-99999,2299,-99999,2399,-99999,2499,-99999,2518,11,2699,-99999,2718,5,2818,39,2918,17,3018,6,3199,-99999
196605,1966,5,118,4,218,3,318,9,418,20,518,21,618,25,718,26,818,40,918,46,1018,34,1118,54,1218,13,1318,12,1418,20,1518,33,1618,39,1718,42,1818,46,1918,45,2018,30,2118,33,2218,32,2318,44,2418,58,2518,37,2618,25,2718,42,2818,28,2918,27,3018,33,3118,38
196606,1966,6,118,24,218,41,318,58,418,55,518,51,618,55,718,36,818,52,918,66,1018,25,1118,24,1218,75,1318,43,1418,37,1518,49,1699,-99999,1718,27,1818,20,1918,20,2018,33,2118,35,2218,41,2318,43,2418,44,2518,50,2618,49,2718,38,2818,52,2918,56,3018,23,3199,-99999
196607,1966,7,118,44,218,42,318,44,418,42,518,44,618,54,718,44,818,44,918,47,1018,51,1118,46,1218,61,1318,59,1418,53,1518,46,1618,46,1718,33,1818,42,1918,50,2018,52,2118,30,2218,23,2318,25,2418,20,2599,-99999,2618,29,2718,43,2818,37,2918,30,3018,27,3118,37
196608,1966,8,118,37,218,48,318,31,418,30,518,35,618,12,718,27,818,32,918,35,1018,41,1199,-99999,1218,22,1318,19,1418,10,1518,24,1618,32,1718,24,1818,52,1918,41,2018,36,2118,31,2218,23,2318,11,2499,-99999,2518,7,2618,20,2718,25,2818,14,2999,-99999,3018,20,3118,15
196609,1966,9,118,22,218,15,318,21,418,26,518,27,618,22,718,28,818,25,918,11,1018,2,1118,12,1218,9,1318,11,1499,-99999,1518,19,1618,3,1718,1,1818,1,1918,19,2018,15,2118,19,2218,15,2318,27,2418,15,2518,29,2618,23,2718,23,2818,17,2918,4,3018,13,3199,-99999
196610,1966,10,118,22,218,23,318,23,418,36,518,21,618,8,718,16,818,26,918,12,1018,36,1118,24,1218,19,1318,15,1418,24,1518,51,1618,20,1718,15,1818,2,1918,15,2018,14,2118,36,2218,19,2318,19,2418,16,2518,24,2618,8,2718,18,2818,24,2918,13,3018,19,3118,15
196704,1967,4,199,-99999,218,23,318,22,418,28,518,47,618,51,718,30,818,7,918,38,1099,-99999,1118,12,1299,-99999,1318,19,1418,40,1518,20,1618,42,1718,33,1818,28,1918,10,2099,-99999,2199,-99999,2218,30,2318,25,2418,49,2518,21,2618,20,2718,30,2818,16,2918,11,3018,23,3199,-99999
196705,1967,5,118,51,218,34,318,30,418,25,518,12,618,10,718,18,818,33,918,17,1018,42,1118,45,1218,36,1318,19,1418,2,1518,21,1618,34,1718,36,1818,41,1918,74,2018,33,2118,20,2218,16,2318,25,2418,40,2518,46,2618,64,2718,42,2818,28,2918,31,3018,21,3199,-99999
196706,1967,6,118,20,218,22,318,16,418,22,518,41,618,38,718,44,818,46,918,51,1018,50,1118,42,1218,44,1318,22,1418,29,1518,17,1618,54,1718,35,1818,30,1918,30,2018,51,2118,55,2218,38,2318,39,2418,37,2518,59,2699,-99999,2718,3,2818,30,2918,30,3018,35,3199,-99999
196707,1967,7,118,27,218,23,318,20,418,22,518,23,618,27,718,24,818,23,918,42,1018,30,1118,44,1218,41,1318,34,1418,42,1518,24,1618,45,1718,3,1818,25,1918,4,2018,12,2118,30,2218,35,2318,43,2418,46,2518,51,2618,45,2718,33,2818,38,2918,43,3018,30,3118,34
196708,1967,8,118,35,218,24,318,45,418,33,518,5,618,33,718,41,818,55,918,51,1018,42,1118,40,1218,29,1318,37,1418,33,1518,36,1618,38,1718,32,1899,-99999,1918,30,2018,28,2118,18,2218,18,2318,27,2418,26,2518,29,2618,30,2718,30,2818,29,2918,30,3018,38,3199,-99999
196709,1967,9,118,22,218,23,318,13,499,-99999,599,-99999,618,6,718,10,818,11,918,17,1018,18,1118,21,1218,25,1318,40,1418,10,1518,13,1618,7,1718,14,1818,17,1918,16,2018,25,2118,17,2218,24,2318,20,2418,19,2518,20,2618,30,2799,-99999,2818,22,2918,12,3018,23,3199,-99999
196710,1967,10,118,29,218,35,318,21,418,26,518,31,618,25,718,44,818,11,918,15,1018,18,1118,20,1218,13,1318,29,1418,19,1518,24,1618,15,1718,17,1818,18,1918,15,2018,26,2118,15,2218,22,2318,30,2418,30,2518,23,2618,26,2718,30,2818,8,2918,25,3018,17,3118,1
196804,1968,4,199,-99999,299,-99999,399,-99999,499,-99999,599,-99999,699,-99999,799,-99999,899,-99999,918,35,1018,27,1118,21,1218,40,1318,6,1418,40,1518,28,1618,41,1718,25,1818,31,1918,11,2018,17,2118,20,2218,18,2318,28,2418,31,2518,36,2618,47,2718,21,2818,23,2918,22,3018,27,3199,-99999
196805,1968,5,118,46,218,43,318,37,418,23,518,30,618,43,718,36,818,22,918,25,1099,-99999,1118,13,1218,7,1318,4,1418,3,1518,32,1618,30,1718,22,1818,26,1918,34,2018,22,2118,27,2218,2,2318,20,2418,29,2518,8,2618,24,2718,22,2818,23,2918,30,3018,42,3118,21
196806,1968,6,118,31,218,12,318,18,418,16,518,23,618,27,718,18,818,22,918,37,1018,44,1118,30,1218,35,1318,35,1418,62,1518,66,1699,-99999,1718,2,1818,37,1918,31,2018,35,2118,43,2218,37,2318,40,2418,36,2518,19,2618,22,2718,40,2818,55,2918,24,3018,77,3199,-99999
196807,1968,7,118,46,299,-99999,318,31,418,33,518,27,618,21,718,24,818,21,918,34,1018,26,1118,31,1218,40,1318,49,1418,2,1518,44,1618,28,1718,44,1818,49,1918,29,2018,28,2118,34,2218,39,2318,33,2418,54,2518,43,2618,48,2718,56,2818,37,2918,31,3018,36,3118,60
196808,1968,8,118,41,218,33,318,54,418,51,518,46,618,45,718,49,818,50,918,50,1018,55,1118,55,1218,14,1318,29,1418,15,1518,27,1618,25,1718,41,1818,44,1918,48,2018,49,2118,49,2218,44,2318,47,2418,49,2518,33,2618,21,2718,32,2818,36,2918,99999,3018,28,3118,7
196809,1968,9,118,19,218,22,318,38,418,45,518,11,618,18,718,26,818,25,918,34,1018,27,1118,22,1218,21,1318,24,1418,28,1518,16,1618,4,1718,33,1818,25,1918,37,2018,41,2118,32,2218,26,2318,30,2418,99999,2518,31,2618,17,2718,19,2818,22,2918,24,3018,16,3199,-99999
196810,1968,10,118,23,218,27,318,38,418,29,599,-99999,699,-99999,718,15,818,18,918,16,1018,20,1118,15,1218,4,1318,11,1418,21,1518,28,1618,26,1718,18,1818,14,1918,20,2018,24,2118,10,2218,11,2318,17,2418,16,2518,15,2618,10,2718,27,2818,24,2918,12,3018,17,3118,22
196811,1968,11,118,13,218,14,318,13,418,11,518,12,618,12,718,18,818,9,999,-99999,1099,-99999,1199,-99999,1299,-99999,1399,-99999,1499,-99999,1599,-99999,1699,-99999,1799,-99999,1899,-99999,1999,-99999,2099,-99999,2199,-99999,2299,-99999,2399,-99999,2499,-99999,2599,-99999,2699,-99999,2799,-99999,2899,-99999,2999,-99999,3099,-99999,3199,-99999
196904,1969,4,199,-99999,299,-99999,399,-99999,499,-99999,599,-99999,699,-99999,799,-99999,899,-99999,999,-99999,1099,-99999,1199,-99999,1299,-99999,1399,-99999,1499,-99999,1599,-99999,1699,-99999,1718,41,1818,20,1918,21,2018,19,2118,27,2218,23,2318,33,2418,7,2518,23,2618,18,2718,14,2818,27,2918,21,3018,30,3199,-99999
196905,1969,5,118,46,218,41,318,23,418,18,518,12,618,14,799,-99999,818,11,918,17,1018,27,1118,29,1218,34,1318,29,1418,24,1518,26,1618,11,1718,47,1818,10,1918,15,2018,29,2118,29,2218,46,2318,19,2418,17,2518,38,2618,26,2718,34,2818,37,2918,39,3018,40,3118,48
196906,1969,6,118,61,218,40,318,32,418,25,518,26,618,44,718,56,818,49,918,21,1018,16,1118,37,1218,57,1318,25,1499,-99999,1518,18,1618,23,1718,24,1818,19,1918,27,2018,34,2118,37,2218,62,2318,43,2418,49,2518,58,2618,41,2718,69,2818,39,2918,70,3018,57,3199,-99999
196907,1969,7,118,57,218,50,318,60,418,63,518,62,618,61,718,54,818,68,918,71,1018,47,1118,54,1218,50,1318,49,1418,49,1518,51,1618,52,1718,53,1818,33,1918,34,2018,44,2118,32,2218,31,2318,27,2418,45,2518,33,2618,13,2718,25,2818,37,2918,40,3018,38,3118,44
196908,1969,8,118,29,218,6,318,63,418,27,518,17,618,21,718,38,818,44,918,44,1018,52,1118,40,1218,44,1318,45,1418,41,1518,39,1618,18,1718,37,1818,34,1918,34,2018,39,2118,46,2218,34,2318,34,2418,17,2518,23,2618,6,2718,18,2818,15,2918,27,3018,27,3118,31
196909,1969,9,118,27,218,28,318,13,418,32,518,32,618,38,718,30,818,30,918,32,1018,20,1118,11,1218,13,1318,22,1418,38,1518,13,1618,34,1718,21,1818,27,1918,13,2018,20,2118,17,2218,9,2318,22,2418,17,2518,19,2618,17,2718,23,2818,22,2918,20,3018,26,3199,-99999
196910,1969,10,118,34,218,31,318,33,418,32,518,21,618,8,718,4,818,16,918,18,1018,29,1118,25,1218,2,1318,10,1418,10,1518,9,1618,23,1718,11,1818,14,1918,21,2018,13,2118,14,2218,5,2318,9,2418,2,2518,12,2618,9,2718,9,2818,7,2918,4,3099,-99999,3118,12
196911,1969,11,118,7,218,8,318,6,418,7,599,-99999,699,-99999,799,-99999,899,-99999,999,-99999,1099,-99999,1199,-99999,1299,-99999,1399,-99999,1499,-99999,1599,-99999,1699,-99999,1799,-99999,1899,-99999,1999,-99999,2099,-99999,2199,-99999,2299,-99999,2399,-99999,2499,-99999,2599,-99999,2699,-99999,2799,-99999,2899,-99999,2999,-99999,3099,-99999,3199,-99999
197005,1970,5,199,-99999,299,-99999,399,-99999,499,-99999,599,-99999,699,-99999,799,-99999,899,-99999,999,-99999,1099,-99999,1199,-99999,1299,-99999,1318,28,1418,42,1518,26,1618,21,1718,37,1818,39,1918,34,2018,51,2118,54,2218,10,2318,35,2418,31,2518,24,2618,19,2718,4,2818,24,2918,41,3018,18,3118,41
197006,1970,6,118,20,218,20,318,34,418,4,518,26,618,26,718,27,818,38,918,44,1018,66,1118,22,1218,20,1318,50,1418,46,1518,80,1618,64,1718,64,1818,78,1918,73,2018,70,2118,40,2218,37,2318,31,2418,38,2518,45,2618,48,2718,48,2818,45,2918,68,3018,42,3199,-99999
197007,1970,7,118,55,218,49,318,54,418,71,518,48,618,45,718,50,818,85,918,40,1018,21,1118,43,1218,99999,1318,3,1418,34,1518,45,1618,42,1718,44,1818,48,1918,63,2018,40,2118,10,2218,18,2318,34,2418,37,2518,42,2618,45,2718,49,2818,47,2918,17,3018,52,3118,53
197008,1970,8,118,41,218,40,318,43,418,47,518,40,618,44,718,46,818,48,918,64,1018,61,1118,19,1218,32,1318,36,1418,37,1518,31,1618,43,1718,36,1818,60,1918,67,2018,31,2118,29,2218,17,2318,15,2418,38,2518,30,2618,27,2718,31,2818,37,2918,28,3018,30,3118,22
197009,1970,9,118,29,218,19,318,29,418,45,518,53,618,54,718,44,818,33,918,23,1018,54,1118,24,1218,40,1318,40,1418,7,1518,19,1618,28,1718,11,1818,7,1918,12,2018,23,2118,34,2218,18,2399,-99999,2418,10,2518,21,2618,18,2718,21,2818,3,2918,9,3018,17,3199,-99999
197010,1970,10,118,21,218,9,318,16,418,27,518,15,618,20,718,23,818,37,918,1,1018,9,1118,27,1218,8,1318,9,1418,12,1518,7,1618,10,1718,6,1818,2,1918,5,2018,9,2118,14,2218,55,2318,23,2418,1,2518,20,2618,14,2718,21,2818,9,2999,-99999,3099,-99999,3199,-99999
197105,1971,5,118,9,218,42,318,36,418,25,518,44,618,66,718,33,818,32,918,32,1018,99999,1118,23,1218,41,1318,33,1418,19,1518,39,1618,37,1718,64,1818,48,1918,44,2018,24,2118,56,2218,41,2318,17,2418,22,2518,40,2618,63,2718,72,2818,14,2918,8,3018,43,3118,3
197106,1971,6,199,-99999,218,12,399,-99999,418,23,518,44,618,35,718,51,818,71,918,29,1018,30,1118,45,1218,22,1318,40,1418,23,1518,30,1618,24,1718,40,1818,47,1918,51,2018,59,2118,19,2218,8,2318,29,2418,52,2518,53,2618,69,2718,63,2818,38,2918,50,3018,35,3199,-99999
197107,1971,7,118,39,218,15,318,39,418,51,518,68,618,48,718,60,818,58,918,46,1018,10,1118,60,1218,45,1318,72,1418,79,1518,66,1618,64,1718,50,1818,73,1918,56,2018,20,2118,24,2218,44,2318,35,2418,12,2518,21,2618,29,2718,29,2818,43,2918,21,3018,23,3118,36
197108,1971,8,118,30,218,32,318,26,418,31,518,36,618,18,718,7,818,24,918,21,1018,43,1118,31,1218,28,1318,31,1418,11,1518,15,1618,12,1718,18,1818,26,1918,32,2018,30,2118,35,2218,33,2318,36,2418,29,2518,12,2618,26,2718,35,2818,14,2918,44,3018,23,3118,28
197109,1971,9,118,31,218,38,318,36,418,28,518,46,618,47,718,23,818,36,918,31,1018,26,1118,30,1218,47,1318,34,1418,30,1599,-99999,1699,-99999,1718,37,1899,-99999,1918,11,2018,10,2118,19,2218,9,2318,13,2418,1,2599,-99999,2618,19,2718,22,2818,34,2918,12,3018,14,3199,-99999
197110,1971,10,118,39,218,20,399,-99999,499,-99999,518,6,618,19,718,20,818,14,918,5,1018,25,1118,13,1218,8,1318,18,1418,21,1518,21,1618,16,1718,18,1818,99999,1918,10,2018,46,2118,10,2218,10,2318,4,2418,12,2518,7,2618,8,2718,15,2818,13,2918,0,3018,10,3118,13
197205,1972,5,199,-99999,299,-99999,399,-99999,499,-99999,599,-99999,699,-99999,799,-99999,899,-99999,999,-99999,1099,-99999,1199,-99999,1299,-99999,1399,-99999,1499,-99999,1599,-99999,1699,-99999,1718,10,1818,57,1918,24,2018,27,2118,41,2218,37,2318,38,2418,25,2518,40,2618,21,2718,48,2899,-99999,2999,-99999,3099,-99999,3118,29
197206,1972,6,118,31,218,38,318,46,418,22,518,56,618,38,718,38,818,41,918,44,1018,42,1118,22,1218,28,1318,27,1418,39,1518,27,1618,26,1718,35,1818,32,1918,42,2018,52,2118,46,2218,37,2318,41,2418,10,2518,36,2618,35,2718,50,2818,52,2918,41,3018,40,3199,-99999
197207,1972,7,118,51,218,44,318,32,418,28,518,16,618,32,718,33,818,44,918,33,1018,21,1118,42,1218,29,1318,30,1418,51,1518,52,1618,60,1718,65,1818,51,1918,34,2018,44,2118,38,2218,39,2318,41,2418,41,2518,40,2618,52,2718,53,2818,58,2918,24,3018,56,3118,22
197208,1972,8,118,38,218,41,318,55,418,43,518,28,618,35,718,34,818,34,918,40,1018,25,1118,25,1218,33,1318,42,1418,9,1518,22,1618,33,1718,31,1818,27,1918,30,2018,51,2118,28,2218,43,2318,12,2418,99999,2518,62,2618,20,2718,35,2818,35,2918,20,3018,26,3118,36
197209,1972,9,199,-99999,299,-99999,318,16,418,9,518,18,618,17,718,27,818,37,918,30,1018,32,1118,30,1218,30,1318,38,1418,40,1518,32,1618,22,1718,39,1818,44,1918,33,2018,43,2118,26,2218,20,2318,8,2418,30,2518,28,2618,30,2718,13,2818,15,2918,34,3018,30,3199,-99999
197210,1972,10,118,21,218,34,318,26,418,28,518,21,618,33,718,25,818,26,918,24,1018,27,1118,35,1218,25,1318,24,1418,29,1518,21,1618,11,1799,-99999,1818,23,1918,13,2018,17,2199,-99999,2299,-99999,2318,15,2418,9,2518,6,2618,19,2799,-99999,2899,-99999,2999,-99999,3099,-99999,3199,-99999
197306,1973,6,199,-99999,299,-99999,399,-99999,499,-99999,599,-99999,618,29,718,35,818,33,918,35,1018,30,1118,42,1218,38,1318,16,1418,11,1518,33,1699,-99999,1799,-99999,1899,-99999,1999,-99999,2018,22,2118,25,2218,36,2318,46,2418,61,2518,49,2618,44,2718,50,2899,-99999,2999,-99999,3018,18,3199,-99999
197307,1973,7,118,32,218,50,318,41,418,51,518,27,618,39,718,43,818,43,918,34,1018,46,1118,25,1218,27,1318,41,1499,-99999,1599,-99999,1699,-99999,1718,39,1818,31,1918,42,2018,49,2118,50,2218,28,2318,29,2418,24,2518,33,2618,31,2718,23,2818,34,2918,23,3018,6,3118,22
197308,1973,8,118,26,218,31,318,23,418,25,518,25,618,34,718,29,818,31,918,77,1018,14,1118,14,1218,42,1318,32,1418,28,1518,35,1618,49,1718,25,1818,26,1918,25,2018,25,2118,31,2218,25,2318,43,2418,43,2518,42,2618,42,2718,34,2818,19,2918,33,3018,11,3118,32
197309,1973,9,118,26,218,10,318,30,418,26,599,-99999,699,-99999,799,-99999,899,-99999,999,-99999,1018,22,1118,23,1218,17,1318,31,1418,21,1518,1,1618,21,1718,12,1818,12,1918,6,2018,17,2118,21,2218,20,2318,20,2418,19,2518,13,2618,28,2718,10,2818,7,2918,18,3018,9,3199,-99999
197310,1973,10,118,9,218,14,318,16,418,31,518,9,618,10,718,17,818,15,918,14,1018,22,1118,28,1218,9,1318,6,1418,12,1518,7,1618,4,1718,15,1818,10,1918,12,2018,22,2118,15,2218,13,2318,25,2418,26,2518,20,2618,4,2718,22,2818,14,2918,0,3018,24,3118,0
197408,1974,8,118,39,218,18,318,42,418,5,518,28,618,12,799,-99999,818,31,918,21,1099,-99999,1118,61,1218,32,1318,28,1418,36,1518,6,1699,-99999,1799,-99999,1818,49,1918,38,2099,-99999,2118,2,2299,-99999,2399,-99999,2499,-99999,2518,26,2618,31,2718,7,2818,19,2918,19,3018,16,3118,35
197409,1974,9,118,35,299,-99999,399,-99999,418,15,518,21,618,18,718,37,899,-99999,999,-99999,1018,23,1118,15,1218,32,1318,14,1418,26,1518,22,1699,-99999,1718,38,1818,19,1999,-99999,2018,2,2199,-99999,2218,10,2318,44,2418,4,2599,-99999,2618,15,2718,19,2818,8,2918,9,3018,14,3199,-99999
197410,1974,10,199,-99999,218,8,318,14,418,41,518,13,618,34,718,5,818,7,918,2,1018,20,1118,18,1218,10,1318,19,1418,5,1518,6,1618,6,1718,21,1818,6,1918,32,2018,22,2118,5,2218,21,2318,5,2418,6,2518,10,2699,-99999,2718,6,2899,-99999,2918,0,3018,16,3199,-99999
197411,1974,11,118,9,218,15,318,10,418,14,518,20,618,1,718,5,899,-99999,918,19,1018,28,1118,16,1218,3,1318,12,1418,18,1518,6,1618,2,1718,17,1818,2,1918,2,2018,14,2118,9,2218,13,2318,14,2418,24,2599,-99999,2699,-99999,2799,-99999,2899,-99999,2999,-99999,3099,-99999,3199,-99999
197506,1975,6,199,-99999,299,-99999,318,47,418,43,518,44,618,60,718,66,818,13,918,17,1018,15,1118,15,1218,20,1318,44,1418,46,1518,52,1618,56,1718,15,1818,21,1918,59,2018,32,2118,26,2218,59,2318,10,2418,10,2518,16,2618,23,2718,30,2818,1,2918,30,3018,20,3199,-99999
197507,1975,7,118,39,218,28,318,27,418,27,518,31,699,-99999,718,47,899,-99999,918,27,1018,7,1118,27,1218,32,1318,38,1418,29,1518,37,1618,39,1718,39,1818,31,1918,27,2018,17,2118,33,2299,-99999,2318,35,2499,-99999,2599,-99999,2699,-99999,2799,-99999,2818,38,2918,12,3018,17,3118,25
197508,1975,8,118,26,218,15,318,21,418,28,518,27,618,15,718,38,818,32,918,26,1018,28,1199,-99999,1218,39,1318,35,1499,-99999,1599,-99999,1618,10,1718,29,1818,21,1918,24,2018,27,2118,35,2218,38,2399,-99999,2418,37,2518,40,2618,40,2718,10,2818,6,2918,45,3018,34,3199,-99999
197509,1975,9,199,-99999,218,36,318,34,418,30,518,26,618,31,718,41,818,27,918,26,1099,-99999,1199,-99999,1218,35,1318,8,1418,3,1518,2,1618,6,1718,12,1818,16,1918,29,2018,27,2118,14,2218,5,2318,23,2418,25,2518,39,2618,24,2718,30,2818,14,2918,18,3018,17,3199,-99999
197510,1975,10,118,34,218,21,318,15,418,39,518,20,618,20,718,20,818,29,918,7,1018,40,1118,24,1218,35,1318,44,1418,26,1518,19,1618,2,1718,19,1818,23,1918,12,2018,27,2118,12,2218,46,2399,-99999,2418,32,2518,6,2618,25,2718,13,2818,17,2918,18,3018,15,3118,11
197604,1976,4,199,-99999,299,-99999,399,-99999,499,-99999,599,-99999,699,-99999,799,-99999,899,-99999,999,-99999,1099,-99999,1199,-99999,1299,-99999,1399,-99999,1499,-99999,1599,-99999,1699,-99999,1799,-99999,1899,-99999,1999,-99999,2099,-99999,2199,-99999,2218,24,2318,43,2418,14,2518,39,2618,47,2718,29,2818,42,2918,57,3018,12,3199,-99999
197605,1976,5,118,14,218,14,318,42,418,24,518,40,618,14,718,12,818,18,918,36,1018,9,1118,2,1218,23,1318,6,1418,35,1518,17,1618,23,1718,41,1818,32,1918,44,2018,40,2118,22,2218,33,2318,56,2418,18,2518,33,2618,42,2718,43,2818,10,2918,30,3018,40,3118,44
197606,1976,6,118,26,218,30,318,32,418,28,518,34,618,22,718,19,818,18,918,43,1018,45,1118,32,1218,67,1318,34,1418,63,1518,27,1618,33,1718,53,1818,32,1918,14,2018,39,2118,40,2218,45,2318,40,2418,38,2518,16,2618,27,2718,32,2818,35,2918,36,3018,55,3199,-99999
197607,1976,7,118,33,218,16,318,57,418,32,518,17,618,21,718,38,818,42,918,45,1018,24,1118,32,1218,16,1318,55,1418,36,1518,19,1699,-99999,1718,32,1818,32,1918,26,2018,5,2118,38,2218,44,2318,43,2418,50,2518,35,2618,99999,2718,80,2818,21,2999,-99999,3099,-99999,3118,11
197608,1976,8,199,-99999,218,40,318,27,418,36,518,26,699,-99999,718,29,818,33,918,31,1018,35,1118,41,1218,45,1318,43,1418,46,1518,47,1618,32,1718,41,1818,34,1918,32,2018,31,2118,27,2218,32,2318,30,2418,18,2518,99999,2618,78,2718,31,2818,36,2918,29,3018,4,3118,22
197609,1976,9,118,8,218,8,318,24,418,14,518,37,618,25,718,29,818,28,918,19,1018,12,1118,26,1218,31,1399,-99999,1418,8,1518,10,1618,14,1718,11,1818,19,1918,11,2018,9,2118,19,2218,20,2318,23,2418,17,2518,33,2618,5,2718,8,2818,13,2918,14,3018,12,3199,-99999
197610,1976,10,118,99999,218,46,318,17,418,30,518,5,618,33,718,9,818,0,918,15,1018,18,1118,21,1218,29,1318,21,1418,8,1518,20,1618,11,1718,22,1818,15,1918,12,2018,17,2118,13,2218,20,2318,8,2418,16,2518,11,2618,12,2718,99999,2818,9,2918,12,3099,-99999,3199,-99999
197705,1977,5,199,-99999,299,-99999,318,19,418,30,518,27,618,20,718,11,818,24,918,31,1018,21,1118,23,1218,20,1318,16,1418,26,1518,34,1618,33,1718,42,1818,20,1918,12,2099,-99999,2199,-99999,2218,36,2318,24,2418,31,2518,34,2618,36,2718,31,2818,18,2918,21,3018,31,3118,55
197706,1977,6,199,-99999,218,22,318,17,418,51,518,38,618,49,718,35,818,33,918,52,1018,42,1118,62,1218,45,1318,20,1418,40,1518,46,1618,27,1718,26,1818,65,1918,37,2018,56,2118,51,2218,52,2318,54,2418,38,2518,17,2618,38,2718,27,2818,41,2918,43,3018,43,3199,-99999
197707,1977,7,118,65,299,-99999,399,-99999,418,54,518,35,618,54,718,40,818,43,918,27,1018,39,1118,31,1218,66,1318,37,1418,77,1518,46,1618,26,1718,42,1818,42,1918,59,2018,39,2118,30,2218,28,2318,37,2418,30,2518,38,2618,31,2718,50,2818,58,2918,38,3018,28,3118,43
197708,1977,8,118,6,218,44,318,33,418,22,518,68,618,45,718,43,818,39,918,55,1018,30,1118,31,1218,31,1318,20,1418,24,1518,25,1618,33,1718,41,1818,24,1918,22,2018,18,2118,13,2218,12,2318,20,2418,26,2599,-99999,2618,33,2718,47,2818,41,2918,19,3018,1,3118,36
197709,1977,9,118,19,218,39,318,10,418,35,518,24,618,13,718,15,818,22,918,37,1018,20,1118,21,1218,26,1318,29,1418,12,1518,21,1618,27,1718,20,1818,50,1918,33,2018,15,2118,45,2218,36,2318,43,2418,21,2518,30,2618,35,2718,8,2818,41,2918,21,3018,33,3199,-99999
197710,1977,10,118,48,218,32,318,22,418,10,518,8,618,1,718,6,818,25,918,15,1018,29,1118,42,1218,21,1318,14,1418,23,1518,18,1618,21,1718,28,1818,22,1918,18,2018,20,2118,27,2218,26,2318,31,2418,7,2518,12,2618,8,2718,16,2818,6,2918,99999,3018,30,3118,3
197804,1978,4,199,-99999,299,-99999,399,-99999,499,-99999,599,-99999,699,-99999,799,-99999,899,-99999,999,-99999,1099,-99999,1199,-99999,1299,-99999,1399,-99999,1499,-99999,1599,-99999,1699,-99999,1799,-99999,1899,-99999,1999,-99999,2099,-99999,2199,-99999,2299,-99999,2399,-99999,2418,25,2518,30,2618,17,2718,34,2818,44,2918,17,3018,26,3199,-99999
197805,1978,5,118,21,218,19,399,-99999,418,2,518,22,618,7,718,2,818,22,918,4,1018,48,1118,24,1218,32,1318,62,1418,35,1518,41,1618,38,1718,19,1818,21,1918,29,2099,-99999,2199,-99999,2299,-99999,2318,36,2418,34,2518,56,2618,22,2799,-99999,2899,-99999,2999,-99999,3018,24,3118,39
197806,1978,6,118,36,218,16,318,10,418,20,518,27,699,-99999,718,13,818,24,918,25,1018,35,1118,38,1218,55,1318,29,1418,17,1518,43,1618,49,1718,51,1818,38,1918,29,2018,50,2118,21,2218,34,2318,37,2418,48,2518,59,2618,63,2718,56,2818,41,2918,54,3018,41,3199,-99999
197807,1978,7,118,48,218,43,318,57,418,40,518,49,618,52,718,45,818,45,918,45,1018,27,1118,40,1218,60,1318,40,1418,52,1518,50,1618,44,1718,35,1818,57,1918,42,2018,59,2118,40,2218,58,2399,-99999,2499,-99999,2518,35,2618,45,2718,39,2818,43,2918,38,3018,44,3118,46
197808,1978,8,118,41,218,39,318,31,418,16,518,0,618,16,718,26,818,34,918,28,1018,25,1118,16,1218,52,1318,48,1418,48,1518,53,1618,28,1718,45,1818,48,1918,56,2018,29,2118,41,2218,32,2318,33,2418,37,2518,33,2618,39,2718,37,2818,44,2918,29,3018,33,3118,25
197809,1978,9,118,31,218,18,318,40,418,34,518,23,618,35,718,30,818,29,918,13,1018,15,1118,25,1218,24,1318,26,1418,34,1518,12,1618,48,1718,47,1818,50,1918,37,2018,44,2118,6,2218,20,2318,13,2418,14,2518,17,2618,9,2718,15,2818,15,2918,19,3018,27,3199,-99999
197810,1978,10,118,23,218,29,318,40,418,25,518,29,618,22,718,19,818,23,918,13,1018,21,1118,21,1218,7,1318,46,1418,29,1518,25,1618,24,1718,19,1818,29,1918,10,2018,25,2118,15,2218,41,2318,17,2418,15,2518,8,2618,24,2718,13,2818,15,2918,7,3018,27,3118,17
197811,1978,11,118,10,218,20,318,10,418,20,518,17,618,8,799,-99999,899,-99999,918,17,1018,21,1118,23,1218,8,1318,0,1418,3,1599,-99999,1699,-99999,1799,-99999,1899,-99999,1999,-99999,2099,-99999,2199,-99999,2299,-99999,2399,-99999,2499,-99999,2599,-99999,2699,-99999,2799,-99999,2899,-99999,2999,-99999,3099,-99999,3199,-99999
197904,1979,4,199,-99999,299,-99999,399,-99999,499,-99999,599,-99999,699,-99999,799,-99999,899,-99999,999,-99999,1099,-99999,1199,-99999,1299,-99999,1399,-99999,1499,-99999,1518,21,1618,46,1718,30,1818,7,1918,18,2018,12,2118,5,2218,18,2318,18,2418,19,2518,21,2618,49,2718,21,2818,10,2918,5,3018,18,3199,-99999
197905,1979,5,118,26,218,37,318,0,418,11,518,20,618,19,718,46,818,41,918,38,1018,25,1118,20,1218,10,1318,15,1418,31,1518,40,1618,34,1799,-99999,1818,31,1918,42,2018,36,2118,27,2218,12,2318,15,2418,28,2518,24,2618,26,2718,22,2818,18,2918,27,3018,20,3118,31
197906,1979,6,118,22,218,26,318,22,418,20,518,30,699,-99999,799,-99999,899,-99999,999,-99999,1099,-99999,1118,27,1218,27,1318,34,1418,50,1518,51,1618,42,1799,-99999,1818,51,1918,47,2018,27,2118,41,2218,31,2318,35,2499,-99999,2518,20,2618,99999,2718,30,2818,36,2918,47,3018,35,3199,-99999
197907,1979,7,118,48,218,43,318,49,418,50,518,41,618,52,799,-99999,818,29,918,26,1018,23,1118,27,1218,38,1318,37,1418,39,1599,-99999,1699,-99999,1718,33,1818,10,1918,7,2018,18,2118,18,2218,28,2318,31,2418,12,2518,32,2618,15,2718,37,2818,50,2918,15,3099,-99999,3118,55
197908,1979,8,118,23,218,34,318,29,418,28,518,39,618,46,718,48,899,-99999,918,41,1018,36,1118,34,1218,15,1318,50,1418,36,1518,35,1699,-99999,1718,43,1818,41,1918,39,2018,21,2118,29,2218,46,2318,26,2418,38,2518,19,2618,31,2718,10,2818,17,2918,37,3018,33,3118,18
197909,1979,9,199,-99999,299,-99999,318,10,418,20,518,26,618,27,718,11,818,29,918,32,1018,26,1118,28,1218,19,1318,25,1418,31,1518,22,1699,-99999,1718,34,1818,27,1918,17,2018,7,2118,13,2218,15,2318,25,2418,29,2518,26,2618,29,2718,26,2818,28,2999,-99999,3018,24,3199,-99999
197910,1979,10,118,20,218,39,318,29,418,40,518,25,618,27,718,25,818,50,918,44,1018,16,1118,29,1218,21,1318,40,1418,19,1518,16,1618,5,1718,28,1818,7,1918,24,2018,35,2118,43,2299,-99999,2318,15,2418,16,2518,8,2618,20,2718,33,2818,20,2918,17,3018,10,3118,33
197911,1979,11,118,14,218,4,318,8,418,14,518,18,618,13,718,2,818,5,918,10,1018,18,1118,9,1299,-99999,1399,-99999,1499,-99999,1599,-99999,1699,-99999,1799,-99999,1899,-99999,1999,-99999,2099,-99999,2199,-99999,2299,-99999,2399,-99999,2499,-99999,2599,-99999,2699,-99999,2799,-99999,2899,-99999,2999,-99999,3099,-99999,3199,-99999
198004,1980,4,199,-99999,299,-99999,399,-99999,499,-99999,599,-99999,699,-99999,799,-99999,899,-99999,999,-99999,1099,-99999,1199,-99999,1299,-99999,1399,-99999,1499,-99999,1599,-99999,1699,-99999,1799,-99999,1899,-99999,1999,-99999,2099,-99999,2199,-99999,2299,-99999,2399,-99999,2499,-99999,2599,-99999,2699,-99999,2718,4,2818,17,2918,12,3018,27,3199,-99999
198005,1980,5,118,4,218,20,318,12,418,23,518,23,618,21,718,25,818,12,918,35,1018,37,1118,38,1218,52,1318,64,1418,29,1518,27,1699,-99999,1718,38,1899,-99999,1918,28,2018,20,2118,15,2218,15,2318,17,2418,23,2518,32,2618,38,2718,31,2818,6,2999,-99999,3099,-99999,3118,33
198006,1980,6,118,23,218,16,318,28,418,20,518,40,618,53,718,44,818,36,918,28,1099,-99999,1118,29,1218,41,1318,47,1418,55,1518,25,1618,68,1718,39,1818,18,1918,41,2018,56,2118,16,2218,35,2318,38,2418,38,2518,49,2618,57,2718,44,2818,60,2918,48,3018,42,3199,-99999
198007,1980,7,118,57,218,56,318,54,499,-99999,518,75,618,39,718,62,818,54,918,72,1099,-99999,1118,68,1218,64,1318,60,1418,48,1518,53,1699,-99999,1718,54,1818,55,1918,57,2018,38,2118,35,2218,29,2318,50,2418,31,2518,45,2618,40,2718,61,2899,-99999,2918,99999,3018,122,3118,55
198008,1980,8,118,59,218,58,318,59,418,46,518,57,618,57,718,50,818,46,918,54,1018,49,1118,41,1218,39,1318,20,1418,37,1518,41,1618,45,1718,57,1818,40,1918,47,2018,50,2118,45,2218,22,2318,50,2418,37,2518,33,2618,43,2718,43,2818,31,2918,18,3018,28,3118,60
198009,1980,9,118,39,218,51,318,11,418,34,518,34,618,23,718,27,818,33,999,-99999,1018,34,1118,24,1218,36,1318,49,1418,35,1518,27,1618,31,1718,58,1818,29,1918,21,2018,51,2118,49,2218,48,2318,27,2418,15,2518,15,2618,26,2718,99999,2818,16,2918,7,3018,0,3199,-99999
198010,1980,10,118,20,218,31,318,27,418,8,518,23,618,29,718,22,818,17,918,35,1018,31,1118,26,1218,28,1318,27,1418,30,1518,15,1618,36,1718,20,1899,-99999,1999,-99999,2099,-99999,2199,-99999,2299,-99999,2399,-99999,2499,-99999,2599,-99999,2699,-99999,2799,-99999,2899,-99999,2999,-99999,3099,-99999,3199,-99999
198104,1981,4,199,-99999,299,-99999,399,-99999,499,-99999,599,-99999,699,-99999,799,-99999,899,-99999,999,-99999,1099,-99999,1199,-99999,1218,99999,1318,57,1418,28,1518,39,1618,2,1718,20,1818,27,1918,8,2018,21,2118,15,2218,2,2318,21,2418,26,2518,35,2618,44,2718,38,2818,44,2918,8,3099,-99999,3199,-99999
198105,1981,5,199,-99999,218,31,318,36,418,7,518,25,618,30,718,26,818,14,918,18,1018,11,1118,45,1218,33,1318,29,1418,31,1518,25,1618,13,1718,11,1818,32,1918,30,2099,-99999,2118,25,2218,35,2318,38,2418,17,2518,28,2618,25,2718,37,2818,23,2999,-99999,3018,37,3118,43
198106,1981,6,118,17,299,-99999,399,-99999,499,-99999,599,-99999,618,20,718,22,818,38,918,64,1018,41,1118,30,1218,26,1399,-99999,1418,40,1518,18,1618,19,1718,26,1818,29,1918,44,2018,51,2118,56,2218,45,2318,27,2499,-99999,2518,24,2618,58,2718,41,2818,43,2918,40,3099,-99999,3199,-99999
198107,1981,7,118,24,218,26,318,15,418,16,518,23,618,37,718,29,818,33,918,35,1018,39,1118,39,1218,44,1318,48,1418,44,1518,38,1618,40,1718,50,1818,50,1918,43,2018,37,2118,60,2218,63,2318,65,2499,-99999,2518,61,2618,72,2718,44,2818,42,2918,24,3018,27,3118,35
198108,1981,8,118,4,218,45,318,27,418,47,518,28,618,38,718,41,818,36,918,27,1018,27,1118,11,1218,19,1399,-99999,1499,-99999,1518,21,1699,-99999,1799,-99999,1818,18,1918,10,2018,29,2118,34,2218,14,2318,28,2418,37,2518,32,2618,32,2799,-99999,2818,26,2918,31,3018,34,3118,50
198109,1981,9,118,33,218,11,318,14,418,25,518,20,618,20,718,18,818,21,918,26,1099,-99999,1118,38,1218,34,1318,23,1418,27,1518,23,1618,26,1718,15,1818,23,1918,19,2099,-99999,2118,54,2218,54,2318,33,2418,20,2518,32,2699,-99999,2718,29,2818,27,2918,36,3018,41,3199,-99999
198110,1981,10,118,37,218,21,318,27,418,22,518,34,618,11,718,26,818,7,918,11,1018,0,1118,5,1299,-99999,1318,7,1418,6,1518,24,1699,-99999,1718,13,1818,28,1918,17,2099,-99999,2199,-99999,2299,-99999,2399,-99999,2499,-99999,2599,-99999,2699,-99999,2799,-99999,2899,-99999,2999,-99999,3099,-99999,3199,-99999
198204,1982,4,199,-99999,299,-99999,399,-99999,499,-99999,599,-99999,699,-99999,799,-99999,899,-99999,999,-99999,1099,-99999,1199,-99999,1299,-99999,1399,-99999,1499,-99999,1599,-99999,1699,-99999,1799,-99999,1899,-99999,1999,-99999,2099,-99999,2199,-99999,2299,-99999,2399,-99999,2408,21,2508,7,2608,48,2799,-99999,2899,-99999,2908,20,3008,44,3199,-99999
198205,1982,5,108,57,208,14,308,14,408,20,508,41,608,113,708,21,808,26,908,51,1008,34,1108,27,1208,25,1308,22,1408,34,1508,24,1608,27,1708,100,1808,0,1908,46,2008,30,2108,22,2208,29,2308,19,2408,68,2508,33,2699,-99999,2708,73,2808,110,2908,0,3008,35,3108,25
198206,1982,6,108,50,208,44,399,-99999,499,-99999,508,18,699,-99999,799,-99999,808,27,908,43,1008,32,1199,-99999,1299,-99999,1399,-99999,1499,-99999,1599,-99999,1699,-99999,1799,-99999,1808,27,1908,12,2008,13,2108,43,2208,12,2308,38,2408,25,2508,36,2608,7,2708,44,2808,21,2999,-99999,3008,32,3199,-99999
198207,1982,7,108,34,208,31,308,62,408,14,508,39,608,46,708,40,808,22,908,38,1008,37,1108,32,1208,24,1308,2,1408,50,1508,35,1608,45,1708,46,1808,35,1908,31,2008,36,2199,-99999,2208,76,2308,23,2408,47,2508,44,2608,24,2708,14,2808,33,2908,25,3099,-99999,3108,23
198208,1982,8,108,32,208,25,308,32,408,52,508,26,699,-99999,708,54,808,27,908,14,1099,-99999,1108,71,1299,-99999,1308,67,1408,48,1508,55,1608,46,1708,45,1808,15,1908,35,2008,26,2108,46,2208,35,2308,37,2408,43,2508,69,2608,35,2708,53,2808,61,2908,17,3008,31,3199,-99999
198209,1982,9,108,44,208,48,308,32,408,21,508,33,608,37,708,28,808,37,908,35,1008,28,1108,27,1208,38,1308,41,1408,16,1508,47,1608,16,1708,50,1899,-99999,1908,46,2008,13,2108,24,2208,18,2308,29,2408,28,2599,-99999,2608,32,2708,22,2808,17,2908,42,3008,20,3199,-99999
198210,1982,10,108,27,208,25,308,16,408,3,508,18,608,32,708,35,808,15,908,36,1008,4,1108,36,1208,10,1308,11,1408,5,1508,16,1608,26,1708,5,1808,11,1908,29,2008,35,2108,3,2208,12,2308,25,2408,12,2508,6,2608,22,2708,15,2808,37,2908,20,3008,6,3108,17
198305,1983,5,199,-99999,299,-99999,308,46,408,32,508,38,608,46,708,50,808,21,908,34,1008,38,1108,0,1208,22,1308,29,1499,-99999,1508,15,1608,24,1708,22,1808,28,1908,27,2008,13,2108,26,2208,24,2308,27,2408,34,2508,40,2699,-99999,2799,-99999,2808,40,2908,35,3008,27,3108,5
198308,1983,8,199,-99999,208,42,308,29,408,28,599,-99999,608,37,799,-99999,808,65,908,15,1008,32,1108,37,1208,38,1308,27,1499,-99999,1508,29,1608,32,1708,30,1808,56,1999,-99999,2008,37,2108,29,2208,40,2308,31,2408,34,2508,24,2608,28,2799,-99999,2808,30,2908,32,3008,25,3108,19
198309,1983,9,199,-99999,208,68,308,36,408,44,508,31,608,38,708,39,808,40,908,20,1008,30,1108,30,1208,30,1399,-99999,1408,20,1508,44,1608,20,1708,31,1808,40,1908,24,2099,-99999,2108,56,2208,25,2308,30,2408,39,2508,21,2608,12,2708,47,2808,21,2908,26,3008,20,3199,-99999
198310,1983,10,108,32,208,31,308,31,408,30,508,6,608,7,708,7,808,4,908,1,1008,28,1108,23,1208,1,1308,12,1408,37,1508,20,1699,-99999,1799,-99999,1899,-99999,1999,-99999,2099,-99999,2199,-99999,2299,-99999,2399,-99999,2499,-99999,2599,-99999,2699,-99999,2799,-99999,2899,-99999,2999,-99999,3099,-99999,3199,-99999
198704,1987,4,199,-99999,299,-99999,308,2,408,27,508,5,608,18,708,25,808,18,908,17,1008,33,1108,28,1208,43,1308,18,1408,16,1508,17,1608,33,1708,28,1808,49,1908,38,2008,32,2108,47,2208,11,2308,24,2408,20,2508,30,2608,31,2708,39,2808,14,2908,61,3008,47,3199,-99999
198706,1987,6,199,-99999,208,30,308,40,408,20,508,15,608,47,708,45,808,30,908,6,1008,3,1199,-99999,1208,0,1308,39,1408,39,1508,23,1608,47,1708,39,1808,6,1908,39,2099,-99999,2108,45,2208,32,2308,16,2408,37,2508,54,2608,18,2708,36,2808,59,2908,32,3008,29,3199,-99999
198707,1987,7,108,14,299,-99999,308,61,408,30,508,29,608,23,708,40,808,43,908,25,1008,47,1108,36,1208,38,1308,43,1408,13,1508,35,1608,47,1799,-99999,1808,34,1908,41,2008,32,2108,13,2208,32,2308,45,2408,38,2508,40,2608,14,2708,46,2808,36,2908,30,3008,39,3108,52
198708,1987,8,108,27,208,52,308,23,408,41,508,44,608,23,708,44,808,49,908,29,1008,37,1108,20,1208,54,1308,37,1408,35,1508,52,1608,36,1708,27,1808,35,1908,14,2008,43,2108,29,2208,36,2308,42,2408,26,2508,27,2608,39,2708,31,2808,27,2908,12,3008,11,3108,35
198709,1987,9,108,30,208,22,308,30,408,12,508,26,608,21,708,33,808,10,908,20,1099,-99999,1108,3,1208,31,1308,6,1408,22,1508,25,1608,12,1708,25,1808,26,1908,55,2008,8,2108,20,2208,29,2308,23,2408,31,2508,22,2608,13,2708,26,2899,-99999,2908,28,3008,32,3199,-99999
198710,1987,10,108,23,208,27,308,11,408,21,508,27,608,14,708,28,808,13,908,27,1008,12,1108,13,1208,15,1308,26,1408,23,1508,6,1608,21,1708,12,1808,11,1908,5,2008,21,2108,14,2208,17,2308,18,2408,8,2508,15,2608,17,2708,12,2808,15,2908,21,3008,4,3108,15
198711,1987,11,108,21,208,29,308,8,408,20,508,26,608,7,708,25,808,5,908,35,1008,9,1108,11,1208,4,1308,14,1408,12,1508,0,1699,-99999,1708,11,1808,11,1908,30,2008,4,2108,15,2208,12,2308,5,2408,28,2508,8,2608,5,2708,7,2808,6,2908,2,3008,2,3199,-99999
198804,1988,4,199,-99999,208,36,308,24,408,8,599,-99999,608,13,708,37,808,31,908,25,1008,24,1108,35,1208,5,1308,24,1408,18,1508,13,1608,20,1799,-99999,1899,-99999,1908,32,2008,30,2108,29,2208,33,2308,33,2408,35,2508,27,2608,13,2708,32,2808,7,2908,17,3008,34,3199,-99999
198805,1988,5,108,23,208,44,308,37,408,44,508,24,608,25,708,30,808,25,908,22,1008,20,1108,46,1208,31,1308,36,1408,33,1508,53,1608,30,1708,39,1808,47,1908,39,2008,33,2108,29,2208,26,2308,7,2408,34,2508,28,2608,30,2708,36,2808,47,2908,36,3008,44,3108,17
198806,1988,6,108,34,208,43,308,19,408,20,508,36,608,34,708,21,808,56,908,48,1008,37,1108,18,1208,31,1308,53,1408,42,1508,27,1608,54,1708,16,1808,24,1908,63,2008,52,2199,-99999,2208,24,2308,42,2408,32,2508,32,2699,-99999,2708,13,2808,41,2908,1,3008,62,3199,-99999
198807,1988,7,199,-99999,208,15,308,22,408,15,508,14,608,36,708,32,808,33,908,17,1008,25,1108,19,1208,19,1308,31,1408,24,1508,16,1608,35,1708,51,1808,31,1908,41,2008,18,2108,43,2208,13,2308,25,2408,30,2508,45,2608,23,2708,29,2808,45,2908,47,3008,22,3108,14
198808,1988,8,108,35,208,38,308,38,408,58,508,14,608,40,708,27,808,46,908,53,1008,9,1108,38,1208,22,1308,29,1408,39,1508,40,1608,41,1708,15,1808,27,1908,37,2008,31,2108,30,2208,32,2308,22,2408,13,2508,20,2608,38,2708,32,2808,25,2908,14,3008,19,3108,14
198809,1988,9,108,36,208,3,308,35,408,28,508,17,608,23,708,31,808,21,908,35,1008,24,1108,34,1208,16,1308,20,1499,-99999,1508,42,1608,21,1708,10,1899,-99999,1908,29,2008,32,2108,19,2208,33,2308,22,2499,-99999,2508,3,2608,19,2708,32,2808,31,2908,18,3008,10,3199,-99999
198810,1988,10,108,41,208,19,308,7,408,5,508,10,608,19,799,-99999,899,-99999,908,15,1008,19,1108,20,1208,23,1308,10,1408,23,1508,17,1608,21,1708,17,1808,30,1908,10,2099,-99999,2108,12,2208,9,2308,29,2408,4,2508,6,2608,25,2708,4,2808,14,2908,9,3008,13,3108,22
198811,1988,11,199,-99999,208,6,308,4,408,18,508,18,608,8,708,21,808,18,908,11,1008,18,1199,-99999,1208,31,1308,10,1408,13,1508,34,1608,16,1708,5,1808,17,1908,3,2008,11,2108,1,2208,11,2308,12,2408,4,2508,4,2608,3,2708,2,2899,-99999,2999,-99999,3099,-99999,3199,-99999
198905,1989,5,199,-99999,208,26,308,23,408,20,508,26,608,14,708,28,808,31,908,39,1008,30,1108,45,1299,-99999,1399,-99999,1499,-99999,1508,24,1608,55,1708,43,1808,29,1908,34,2008,21,2108,30,2208,25,2308,12,2408,37,2508,43,2608,22,2708,26,2808,29,2908,32,3008,41,3108,33
198906,1989,6,108,23,208,30,399,-99999,499,-99999,508,23,608,7,799,-99999,899,-99999,908,12,1008,11,1108,22,1208,41,1399,-99999,1408,43,1508,38,1608,27,1708,29,1808,29,1908,38,2008,29,2108,20,2208,17,2308,22,2408,38,2508,12,2608,31,2708,41,2808,32,2908,31,3008,19,3199,-99999
198907,1989,7,108,42,208,36,308,39,408,26,508,35,608,24,708,22,808,33,908,43,1008,56,1108,34,1208,23,1308,20,1499,-99999,1599,-99999,1608,41,1708,49,1808,22,1908,46,2008,26,2108,35,2208,31,2308,12,2408,19,2508,29,2608,29,2708,17,2808,20,2908,41,3008,44,3108,41
198908,1989,8,108,9,208,21,308,44,408,39,508,40,608,38,708,12,808,54,908,21,1008,25,1108,18,1208,9,1308,8,1499,-99999,1508,6,1608,23,1708,15,1808,9,1908,35,2008,36,2108,28,2208,30,2308,31,2408,26,2508,34,2699,-99999,2708,19,2808,43,2908,25,3008,31,3108,38
198909,1989,9,108,45,208,34,308,28,408,16,508,38,608,22,708,32,808,30,908,38,1008,17,1108,6,1208,6,1399,-99999,1408,25,1508,11,1608,7,1708,35,1808,15,1908,33,2008,22,2108,16,2208,26,2308,14,2408,28,2508,19,2608,14,2708,16,2808,11,2908,24,3008,8,3199,-99999
198910,1989,10,108,35,208,21,308,18,408,7,508,23,608,26,708,27,808,15,908,8,1008,19,1108,30,1208,17,1308,19,1408,18,1508,29,1608,19,1708,20,1808,19,1908,15,2008,13,2108,17,2208,13,2308,24,2408,19,2508,22,2608,20,2708,4,2899,-99999,2999,-99999,3008,20,3108,5
198911,1989,11,108,7,208,14,308,14,408,5,508,33,608,20,799,-99999,808,67,908,8,1008,0,1108,13,1208,6,1308,20,1408,3,1508,19,1608,26,1708,7,1808,6,1908,5,2008,15,2108,3,2208,23,2308,16,2408,3,2508,20,2608,18,2708,4,2899,-99999,2999,-99999,3008,13,3199,-99999
199004,1990,4,199,-99999,208,30,308,19,408,31,508,28,608,10,708,25,808,14,908,28,1008,19,1108,18,1208,15,1308,11,1408,23,1508,17,1699,-99999,1799,-99999,1808,0,1999,-99999,2099,-99999,2108,21,2208,22,2308,14,2408,29,2508,10,2699,-99999,2708,25,2808,37,2908,30,3008,34,3199,-99999
199005,1990,5,199,-99999,299,-99999,399,-99999,408,19,508,12,608,13,708,35,808,34,908,46,1008,16,1108,10,1208,18,1308,36,1408,20,1508,26,1608,39,1708,37,1899,-99999,1908,51,2008,50,2108,29,2208,38,2308,16,2408,25,2508,50,2608,41,2708,36,2808,15,2908,18,3008,44,3108,30
199006,1990,6,108,10,299,-99999,308,11,408,36,508,25,608,41,708,39,808,38,908,46,1008,23,1108,13,1208,56,1308,33,1408,50,1508,54,1608,43,1708,34,1808,54,1908,52,2008,33,2108,48,2208,26,2308,50,2408,34,2508,54,2608,27,2708,24,2808,19,2908,35,3008,58,3199,-99999
199007,1990,7,108,46,208,52,308,48,408,50,508,42,608,40,708,38,808,32,908,33,1008,41,1108,42,1208,40,1308,40,1408,34,1508,23,1608,19,1708,12,1808,10,1908,55,2008,39,2108,38,2208,11,2308,23,2408,36,2508,22,2608,9,2708,39,2808,42,2908,35,3099,-99999,3108,39
199008,1990,8,108,20,208,24,399,-99999,499,-99999,599,-99999,608,4,708,27,808,30,908,47,1008,6,1108,17,1208,18,1399,-99999,1408,38,1508,1,1699,-99999,1708,32,1899,-99999,1999,-99999,2099,-99999,2108,20,2208,34,2308,34,2408,33,2508,31,2608,34,2708,37,2808,30,2908,22,3008,30,3108,39
199009,1990,9,108,30,208,32,308,36,408,35,508,14,608,33,799,-99999,808,33,908,14,1008,36,1108,19,1208,27,1308,12,1408,28,1508,14,1608,21,1708,72,1808,19,1908,1,2008,44,2108,77,2208,37,2308,44,2408,5,2508,19,2608,19,2708,26,2808,26,2999,-99999,3008,35,3199,-99999
199010,1990,10,108,10,208,12,308,15,408,26,508,17,608,22,708,4,899,-99999,908,57,1008,8,1108,21,1208,5,1308,11,1408,13,1508,18,1608,20,1708,25,1808,25,1908,23,2008,0,2108,52,2208,16,2308,14,2408,5,2508,9,2608,20,2708,26,2808,4,2908,23,3008,12,3108,11
199104,1991,4,199,-99999,299,-99999,399,-99999,499,-99999,599,-99999,699,-99999,708,14,808,27,908,49,1008,30,1108,27,1208,14,1308,35,1408,20,1508,20,1608,26,1799,-99999,1808,10,1908,21,2008,13,2108,11,2208,25,2308,13,2499,-99999,2599,-99999,2608,22,2708,17,2808,22,2908,28,3008,42,3199,-99999
199105,1991,5,108,32,208,24,308,19,408,19,508,37,608,13,708,34,808,33,908,15,1008,7,1108,23,1208,11,1308,35,1408,13,1508,35,1608,18,1708,30,1808,21,1908,22,2008,12,2108,28,2208,13,2308,69,2499,-99999,2508,26,2608,28,2708,25,2808,45,2908,28,3008,29,3108,33
199106,1991,6,108,23,208,31,308,45,408,11,508,11,608,27,799,-99999,808,36,908,20,1008,20,1108,22,1208,37,1308,43,1408,28,1508,32,1608,35,1708,29,1808,17,1908,31,2008,16,2108,27,2208,35,2308,29,2408,29,2508,55,2608,21,2708,58,2808,48,2908,41,3008,34,3199,-99999
199107,1991,7,108,37,208,22,399,-99999,408,28,508,29,608,43,708,35,808,39,908,31,1008,40,1108,39,1208,40,1308,23,1408,37,1508,34,1608,16,1708,39,1808,27,1908,35,2008,48,2108,40,2208,49,2308,39,2408,30,2508,37,2608,0,2708,52,2808,6,2908,46,3008,18,3108,43
199108,1991,8,108,43,208,35,308,35,408,24,508,24,608,44,708,50,808,39,908,32,1008,28,1108,35,1208,14,1308,3,1408,48,1508,27,1608,29,1708,38,1808,42,1908,14,2008,30,2108,60,2208,40,2308,25,2408,19,2508,29,2608,35,2708,26,2808,35,2908,15,3099,-99999,3199,-99999
199109,1991,9,108,45,299,-99999,308,28,408,57,508,49,608,8,799,-99999,899,-99999,908,14,1008,29,1108,22,1208,28,1308,25,1408,20,1508,55,1699,-99999,1708,18,1899,-99999,1999,-99999,2008,16,2108,13,2208,6,2308,30,2499,-99999,2508,55,2608,19,2708,20,2808,23,2908,35,3008,5,3199,-99999
199110,1991,10,108,11,208,33,308,28,408,30,508,9,608,17,708,21,808,14,908,34,1008,5,1108,20,1208,21,1308,34,1408,19,1508,24,1608,18,1708,14,1808,36,1908,30,2008,11,2108,6,2208,22,2308,26,2408,34,2508,2,2608,2,2708,2,2899,-99999,2908,16,3099,-99999,3199,-99999
199204,1992,4,199,-99999,208,4,308,20,408,21,508,35,608,13,708,8,808,17,908,17,1008,12,1108,32,1208,37,1308,17,1408,12,1508,16,1699,-99999,1799,-99999,1808,11,1999,-99999,2008,2,2108,18,2208,36,2308,33,2408,39,2508,20,2608,21,2708,19,2808,24,2908,9,3008,23,3199,-99999
199205,1992,5,108,33,208,28,308,25,408,35,508,28,608,18,708,37,808,23,908,36,1008,29,1108,84,1208,30,1308,30,1408,37,1508,41,1608,1,1708,23,1808,12,1908,3,2008,20,2199,-99999,2208,52,2308,16,2408,17,2508,5,2608,59,2708,0,2808,66,2908,46,3008,8,3199,-99999
199206,1992,6,199,-99999,299,-99999,399,-99999,499,-99999,599,-99999,699,-99999,799,-99999,899,-99999,999,-99999,1008,13,1108,35,1208,15,1308,22,1408,27,1508,27,1608,26,1708,36,1808,25,1908,15,2008,24,2108,20,2208,21,2308,99999,2408,48,2508,27,2608,33,2708,16,2808,56,2999,-99999,3008,25,3199,-99999
199207,1992,7,108,31,208,20,308,37,408,42,508,52,608,39,708,36,808,39,908,45,1008,31,1108,24,1208,29,1308,46,1499,-99999,1508,40,1699,-99999,1799,-99999,1808,13,1908,23,2008,40,2108,27,2208,38,2308,16,2408,34,2508,29,2608,30,2799,-99999,2808,11,2908,34,3008,30,3108,26
199208,1992,8,108,29,208,7,308,38,408,17,508,29,608,13,708,13,808,22,908,47,1008,12,1108,28,1208,15,1308,19,1408,48,1508,32,1608,23,1708,17,1899,-99999,1908,45,2008,25,2108,21,2208,17,2308,22,2408,29,2508,29,2699,-99999,2799,-99999,2808,22,2908,29,3008,27,3199,-99999
199209,1992,9,108,31,208,25,308,14,408,22,508,35,608,44,708,16,808,34,908,32,1099,-99999,1199,-99999,1208,19,1308,23,1408,26,1508,9,1608,30,1708,36,1808,26,1908,13,2008,29,2108,12,2208,22,2308,35,2408,7,2508,33,2608,18,2708,25,2808,20,2908,12,3008,23,3199,-99999
199210,1992,10,108,15,208,19,308,17,408,21,508,20,608,20,708,23,808,18,908,10,1008,31,1108,18,1208,20,1308,24,1408,27,1508,24,1608,32,1708,18,1808,9,1908,15,2008,3,2108,25,2208,19,2308,12,2408,5,2508,13,2608,5,2708,11,2808,6,2999,-99999,3099,-99999,3108,6
199304,1993,4,199,-99999,299,-99999,308,14,408,22,508,20,608,2,708,9,808,27,908,17,1008,31,1108,31,1208,20,1308,25,1408,8,1599,-99999,1608,25,1708,23,1808,18,1908,32,2008,41,2108,20,2208,31,2308,18,2408,13,2508,36,2608,35,2708,25,2808,21,2999,-99999,3008,12,3199,-99999
199305,1993,5,108,25,299,-99999,308,15,408,36,508,19,608,20,708,4,899,-99999,999,-99999,1099,-99999,1199,-99999,1299,-99999,1308,26,1408,24,1508,13,1608,31,1708,30,1808,5,1908,42,2008,35,2108,8,2208,16,2308,37,2408,18,2508,29,2699,-99999,2799,-99999,2808,19,2908,32,3008,8,3108,34
199306,1993,6,108,42,208,20,308,45,408,33,508,27,608,14,708,36,808,12,999,-99999,1099,-99999,1108,25,1208,26,1308,26,1408,31,1508,21,1608,55,1708,24,1899,-99999,1999,-99999,2008,69,2108,22,2208,43,2308,17,2408,44,2508,15,2608,5,2708,47,2808,48,2908,31,3008,35,3199,-99999
199307,1993,7,108,51,208,39,308,40,408,62,508,23,608,41,708,47,808,36,908,60,1008,38,1108,44,1208,35,1399,-99999,1499,-99999,1599,-99999,1608,37,1708,40,1808,28,1908,36,2008,36,2108,41,2208,25,2308,55,2408,48,2508,64,2608,38,2708,44,2808,46,2908,43,3008,43,3108,38
199308,1993,8,108,27,208,19,308,43,408,28,508,16,608,17,708,22,808,36,908,38,1008,30,1108,45,1208,37,1308,53,1408,42,1508,45,1608,32,1708,34,1808,45,1908,39,2008,41,2108,38,2208,44,2308,25,2408,44,2508,43,2608,37,2708,24,2808,24,2908,28,3008,32,3199,-99999
199309,1993,9,108,6,208,23,399,-99999,408,14,508,34,608,16,708,16,808,40,908,13,1008,16,1108,31,1208,27,1308,0,1408,63,1508,8,1608,22,1708,33,1808,29,1908,21,2008,21,2108,35,2208,12,2308,24,2408,25,2508,16,2608,37,2708,9,2808,18,2908,15,3008,46,3199,-99999
199310,1993,10,108,21,208,15,308,13,408,22,508,23,608,9,708,27,808,17,908,21,1008,25,1108,7,1299,-99999,1399,-99999,1408,10,1508,1,1608,15,1708,14,1808,4,1999,-99999,2008,35,2199,-99999,2208,51,2308,10,2408,3,2508,13,2608,24,2708,4,2808,26,2908,20,3008,1,3108,20
199404,1994,4,199,-99999,208,30,308,9,499,-99999,599,-99999,699,-99999,708,22,808,28,908,13,1008,23,1108,5,1208,43,1308,31,1408,41,1508,48,1608,16,1708,28,1808,40,1908,36,2008,26,2108,18,2208,25,2308,34,2408,29,2508,11,2608,36,2708,28,2808,12,2999,-99999,3099,-99999,3199,-99999
199405,1994,5,108,4,208,10,399,-99999,408,9,508,19,608,15,708,27,808,11,908,3,1008,22,1108,10,1208,5,1308,34,1408,17,1508,22,1608,30,1708,22,1808,29,1908,7,2008,27,2108,27,2208,36,2308,31,2408,53,2508,33,2608,31,2708,23,2808,9,2908,33,3008,19,3108,36
199406,1994,6,108,31,208,25,308,29,408,23,508,26,608,40,708,46,808,42,908,35,1008,25,1199,-99999,1208,41,1308,37,1408,25,1508,33,1608,24,1708,38,1808,26,1908,41,2008,27,2108,28,2208,41,2308,44,2408,34,2508,39,2608,45,2708,46,2808,43,2908,37,3008,44,3199,-99999
199407,1994,7,108,36,208,35,308,41,408,44,508,67,608,41,708,55,808,25,908,6,1008,32,1108,25,1208,13,1308,25,1408,38,1508,28,1608,30,1708,36,1808,39,1908,36,2008,58,2108,26,2208,39,2308,28,2408,44,2508,42,2608,43,2708,33,2808,28,2908,30,3008,44,3108,29
199408,1994,8,108,29,208,49,308,37,408,6,508,49,608,33,708,30,808,45,908,34,1008,29,1108,47,1208,27,1308,37,1408,27,1508,52,1608,19,1708,38,1808,49,1908,28,2008,21,2108,36,2208,31,2308,26,2408,19,2508,40,2608,32,2708,33,2808,52,2908,37,3008,42,3199,-99999
199409,1994,9,199,-99999,208,14,308,16,408,24,508,2,608,33,708,32,899,-99999,908,37,1008,20,1108,20,1208,26,1308,23,1408,29,1508,0,1608,61,1708,20,1808,22,1908,33,2008,29,2108,26,2208,48,2308,10,2408,20,2508,13,2608,21,2708,20,2808,11,2908,44,3008,32,3199,-99999
199410,1994,10,108,42,208,28,308,41,408,9,508,31,608,25,799,-99999,899,-99999,908,11,1008,18,1108,12,1208,4,1308,26,1408,23,1508,34,1608,13,1708,16,1808,34,1908,17,2008,3,2108,58,2208,24,2308,10,2499,-99999,2508,56,2699,-99999,2708,25,2808,14,2908,6,3008,7,3108,14
199504,1995,4,199,-99999,208,18,308,11,408,26,508,25,608,14,708,20,808,31,908,28,1099,-99999,1199,-99999,1208,17,1308,12,1408,41,1508,26,1608,20,1799,-99999,1899,-99999,1908,18,2008,33,2108,17,2299,-99999,2399,-99999,2408,31,2508,32,2608,23,2708,18,2808,18,2908,16,3099,-99999,3199,-99999
199505,1995,5,199,-99999,208,2,308,17,408,15,508,7,608,29,799,-99999,899,-99999,908,31,1008,33,1108,18,1208,18,1308,15,1408,33,1508,32,1608,20,1708,21,1808,30,1908,16,2008,32,2199,-99999,2299,-99999,2308,26,2408,43,2508,4,2699,-99999,2799,-99999,2808,35,2908,25,3008,10,3108,16
199506,1995,6,108,20,208,28,308,16,499,-99999,599,-99999,608,31,708,24,808,32,999,-99999,1099,-99999,1108,34,1208,21,1308,28,1408,35,1508,47,1608,24,1708,42,1808,31,1908,26,2008,32,2108,30,2208,39,2308,28,2408,30,2508,27,2608,37,2708,30,2808,30,2908,27,3008,36,3199,-99999
199507,1995,7,108,16,208,30,308,36,408,35,508,38,608,44,708,38,808,40,908,45,1008,42,1108,64,1208,42,1308,47,1408,29,1508,46,1608,21,1708,44,1808,40,1908,23,2008,35,2108,29,2208,36,2308,32,2408,42,2508,26,2608,43,2708,54,2808,38,2908,48,3008,27,3108,24
199508,1995,8,199,-99999,299,-99999,399,-99999,499,-99999,508,29,608,39,708,23,808,36,908,42,1008,29,1199,-99999,1208,32,1308,39,1408,29,1508,25,1608,36,1708,40,1808,36,1908,30,2008,28,2108,42,2208,34,2308,26,2408,37,2508,23,2608,19,2708,27,2808,42,2908,36,3008,33,3108,23
199509,1995,9,108,34,208,25,308,26,408,38,508,31,608,46,708,39,808,30,908,15,1008,15,1199,-99999,1299,-99999,1308,16,1408,2,1599,-99999,1608,28,1708,22,1899,-99999,1908,33,2008,15,2199,-99999,2299,-99999,2308,12,2408,4,2508,10,2699,-99999,2708,16,2808,15,2908,28,3008,33,3199,-99999
199510,1995,10,108,23,299,-99999,399,-99999,408,16,508,29,608,26,708,18,808,24,908,17,1008,11,1108,17,1208,19,1308,10,1408,23,1508,22,1608,24,1708,34,1808,13,1908,41,2008,26,2108,17,2208,30,2308,48,2408,17,2508,27,2608,23,2708,20,2808,15,2908,17,3008,19,3108,5
199604,1996,4,199,-99999,208,42,308,31,408,36,508,20,608,9,708,23,808,32,908,19,1008,34,1199,-99999,1208,51,1308,22,1408,33,1508,32,1608,30,1708,33,1899,-99999,1908,17,2008,27,2108,25,2299,-99999,2308,25,2408,16,2508,39,2608,45,2708,47,2808,5,2908,36,3008,17,3199,-99999
199605,1996,5,108,21,208,40,308,25,408,44,508,33,608,37,708,38,808,24,908,30,1008,4,1108,33,1208,11,1399,-99999,1499,-99999,1508,33,1608,53,1708,42,1808,52,1908,53,2008,48,2108,29,2208,48,2308,55,2408,41,2508,46,2608,29,2708,23,2808,46,2908,41,3008,16,3199,-99999
199606,1996,6,108,29,208,62,308,31,408,25,508,36,608,19,708,71,808,23,908,28,1008,40,1108,22,1208,57,1308,3,1408,11,1508,16,1608,40,1708,18,1808,29,1908,51,2008,46,2108,27,2208,35,2308,28,2408,54,2508,43,2608,41,2708,37,2808,44,2908,31,3008,29,3199,-99999
199607,1996,7,108,62,208,34,308,38,408,36,508,48,608,63,708,61,808,28,999,-99999,1099,-99999,1199,-99999,1208,17,1308,15,1408,62,1508,25,1608,32,1708,51,1808,41,1908,36,2008,42,2108,67,2208,48,2308,40,2408,27,2508,21,2699,-99999,2799,-99999,2808,23,2908,37,3008,0,3108,21
199608,1996,8,108,35,208,34,308,44,408,40,508,43,608,38,708,38,808,29,999,-99999,1008,58,1108,26,1208,29,1308,18,1408,19,1508,30,1608,0,1799,-99999,1808,37,1908,46,2008,24,2108,27,2208,24,2308,38,2408,19,2599,-99999,2608,30,2799,-99999,2808,56,2908,3,3008,23,3199,-99999
199609,1996,9,108,59,208,19,308,10,408,30,508,21,608,26,708,16,808,15,908,34,1008,20,1108,19,1208,26,1308,18,1408,8,1599,-99999,1699,-99999,1708,24,1808,6,1908,61,2008,20,2108,16,2208,35,2308,13,2408,19,2599,-99999,2608,47,2708,0,2808,10,2908,5,3008,3,3199,-99999
199610,1996,10,108,15,208,33,308,23,408,6,508,99999,699,-99999,708,29,808,6,908,4,1008,12,1108,20,1208,33,1308,19,1408,26,1508,33,1608,27,1708,39,1808,20,1908,14,2008,20,2108,14,2208,19,2308,13,2408,13,2508,21,2608,10,2799,-99999,2899,-99999,2908,19,3008,18,3199,-99999
199704,1997,4,199,-99999,208,26,308,27,408,30,599,-99999,608,30,708,13,899,-99999,999,-99999,1008,12,1199,-99999,1208,27,1308,8,1408,22,1508,20,1608,26,1708,12,1808,24,1908,19,2008,27,2108,31,2208,22,2308,19,2499,-99999,2599,-99999,2699,-99999,2799,-99999,2808,17,2908,20,3008,24,3199,-99999
199705,1997,5,108,25,208,31,308,46,408,21,508,33,608,26,708,25,808,17,908,20,1008,27,1108,22,1208,23,1308,24,1408,32,1508,29,1608,13,1708,46,1808,24,1908,48,2008,15,2108,0,2208,14,2308,17,2408,17,2508,24,2608,22,2708,22,2808,34,2908,15,3008,35,3108,29
199706,1997,6,108,24,208,26,308,15,408,11,508,24,608,18,708,25,808,20,908,11,1099,-99999,1108,25,1208,21,1308,48,1408,18,1508,27,1608,29,1708,20,1808,35,1908,31,2008,40,2108,34,2208,43,2308,8,2408,43,2508,32,2608,31,2708,24,2808,42,2908,45,3008,31,3199,-99999
199707,1997,7,108,39,208,31,308,43,408,52,508,30,608,18,708,20,808,33,908,46,1008,34,1108,31,1208,30,1308,47,1408,34,1508,38,1608,39,1708,27,1808,19,1908,35,2008,38,2108,24,2208,35,2308,10,2408,57,2508,43,2608,20,2708,26,2808,59,2908,36,3008,32,3108,30
199708,1997,8,108,32,208,34,399,-99999,408,52,508,44,608,26,708,22,808,3,908,2,1008,16,1108,40,1208,11,1308,23,1408,30,1508,38,1608,38,1708,42,1808,23,1908,36,2008,19,2108,14,2208,61,2308,29,2408,12,2508,33,2608,19,2708,19,2808,28,2908,31,3008,23,3108,47
199709,1997,9,108,19,208,32,308,42,408,40,508,1,608,27,708,23,808,44,908,29,1008,24,1108,30,1208,20,1308,26,1408,43,1508,14,1608,30,1708,56,1808,30,1908,46,2008,45,2108,29,2208,9,2399,-99999,2408,4,2508,9,2608,11,2708,20,2808,20,2908,29,3008,10,3199,-99999
199710,1997,10,108,39,208,19,308,29,408,34,508,33,608,14,708,26,899,-99999,999,-99999,1008,27,1108,19,1299,-99999,1399,-99999,1408,20,1508,17,1608,6,1708,17,1808,13,1908,9,2008,20,2108,26,2208,4,2308,12,2408,15,2508,8,2608,15,2708,13,2808,6,2908,13,3008,7,3108,12
199804,1998,4,199,-99999,208,21,308,59,408,12,508,22,608,20,708,9,808,29,908,21,1008,18,1108,23,1299,-99999,1308,25,1408,52,1508,29,1608,28,1708,28,1808,19,1908,17,2008,27,2199,-99999,2208,33,2308,11,2408,36,2508,43,2608,47,2799,-99999,2808,18,2908,15,3008,9,3199,-99999
199805,1998,5,108,11,208,23,308,22,408,28,508,22,608,28,708,18,808,29,908,19,1008,20,1108,21,1208,25,1308,45,1408,12,1508,46,1608,25,1708,50,1808,21,1908,33,2008,22,2108,36,2208,15,2308,31,2408,18,2508,35,2608,27,2708,40,2808,18,2908,23,3008,31,3108,41
199806,1998,6,108,43,208,46,308,63,408,43,508,26,608,31,708,36,808,13,908,46,1008,28,1108,45,1208,33,1308,41,1408,53,1508,51,1608,21,1708,58,1808,52,1908,46,2008,52,2108,45,2208,48,2308,50,2408,50,2508,45,2608,48,2708,49,2808,53,2908,51,3008,90,3199,-99999
199807,1998,7,108,18,208,27,308,43,408,50,508,52,608,31,708,44,808,42,908,53,1008,26,1108,50,1208,47,1308,25,1408,35,1508,36,1608,40,1708,31,1808,43,1908,50,2008,50,2108,44,2208,51,2308,55,2408,43,2508,49,2608,50,2708,67,2808,27,2908,56,3008,57,3108,47
199808,1998,8,108,38,208,40,308,43,408,29,508,17,608,38,708,22,808,40,908,35,1008,66,1108,30,1299,-99999,1308,25,1408,25,1508,25,1608,30,1708,42,1808,46,1908,32,2008,31,2108,36,2208,42,2308,37,2408,38,2508,41,2608,41,2708,37,2808,47,2908,37,3008,34,3108,40
199809,1998,9,108,35,208,21,308,27,408,47,508,39,608,44,708,43,808,25,908,43,1008,41,1108,42,1208,50,1308,33,1408,7,1508,22,1608,32,1708,80,1899,-99999,1908,16,2008,35,2108,35,2208,50,2399,-99999,2408,10,2508,29,2608,39,2708,42,2808,17,2908,23,3008,30,3199,-99999
199810,1998,10,199,-99999,299,-99999,308,28,408,14,599,-99999,608,26,708,15,808,11,908,24,1008,22,1108,19,1208,12,1308,22,1408,13,1508,20,1608,24,1708,20,1808,7,1908,27,2008,15,2108,6,2208,14,2308,15,2408,9,2508,11,2608,15,2708,13,2808,15,2908,11,3008,10,3108,17
199904,1999,4,199,-99999,208,39,308,29,408,19,508,12,608,41,708,24,808,11,908,35,1008,18,1108,28,1208,23,1308,44,1499,-99999,1508,37,1608,27,1708,18,1808,26,1908,20,2008,29,2108,39,2208,21,2399,-99999,2408,22,2599,-99999,2699,-99999,2799,-99999,2808,20,2908,38,3008,16,3199,-99999
199905,1999,5,108,23,208,24,308,24,408,18,508,49,608,20,708,29,808,23,908,38,1099,-99999,1108,24,1208,20,1308,25,1408,29,1508,14,1608,24,1708,20,1808,10,1908,38,2008,28,2108,22,2208,27,2399,-99999,2408,18,2508,25,2608,24,2708,22,2808,99999,2908,22,3008,29,3108,21
199906,1999,6,108,52,208,11,308,37,408,34,508,27,608,28,708,32,808,17,908,43,1099,-99999,1108,58,1208,19,1308,24,1408,23,1508,25,1608,27,1708,34,1808,17,1908,26,2008,42,2108,8,2208,33,2399,-99999,2499,-99999,2508,24,2608,17,2708,39,2808,29,2908,32,3099,-99999,3199,-99999
199907,1999,7,108,13,208,18,308,28,408,54,508,36,608,21,708,32,808,35,908,38,1008,45,1108,39,1208,18,1308,21,1408,63,1508,24,1608,51,1708,39,1808,32,1908,38,2099,-99999,2108,28,2208,24,2308,41,2408,27,2508,45,2608,42,2708,42,2899,-99999,2908,36,3008,54,3108,49
199908,1999,8,108,50,208,48,308,40,499,-99999,508,18,608,25,708,35,808,37,908,33,1008,19,1108,29,1208,47,1308,31,1408,42,1508,37,1608,41,1708,38,1808,37,1908,18,2008,36,2108,37,2208,36,2308,52,2408,26,2508,40,2608,36,2708,47,2808,41,2908,30,3008,34,3108,43
199909,1999,9,108,43,299,-99999,308,34,408,31,508,40,608,17,708,21,808,35,908,28,1008,39,1108,53,1208,15,1308,10,1408,12,1508,24,1608,26,1708,7,1808,17,1908,26,2008,23,2108,26,2208,27,2308,4,2408,24,2508,53,2608,10,2708,22,2808,16,2908,20,3008,17,3199,-99999
199910,1999,10,108,20,208,18,308,25,408,16,508,24,608,21,708,27,808,30,908,16,1008,23,1108,18,1208,11,1308,27,1408,21,1508,23,1608,36,1708,42,1808,24,1908,19,2008,16,2108,17,2208,23,2308,19,2408,16,2508,21,2608,10,2708,28,2808,13,2908,30,3008,61,3199,-99999
200003,2000,3,199,-99999,208,15,308,54,408,12,508,11,608,20,708,14,808,24,908,22,1008,24,1108,16,1208,16,1308,11,1408,16,1508,7,1608,21,1708,3,1808,7,1908,10,2008,14,2108,24,2208,29,2308,6,2408,24,2508,23,2608,15,2708,27,2808,25,2908,22,3008,20,3108,8
200004,2000,4,108,12,208,7,308,17,408,15,508,21,608,37,708,28,808,32,908,17,1008,22,1108,10,1208,19,1308,5,1408,11,1508,15,1608,25,1708,22,1808,16,1908,22,2008,35,2108,32,2208,16,2308,26,2408,23,2508,23,2608,26,2708,26,2808,29,2908,16,3008,18,3199,-99999
200005,2000,5,108,17,208,11,308,7,408,7,508,21,608,4,708,26,808,33,908,34,1008,27,1108,26,1208,40,1308,40,1408,3,1508,26,1608,26,1708,27,1808,26,1908,44,2008,14,2108,23,2208,31,2308,31,2408,50,2599,-99999,2699,-99999,2708,29,2808,26,2908,38,3008,41,3108,48
200006,2000,6,108,43,208,25,308,18,408,32,508,36,608,33,708,27,808,35,908,41,1008,27,1108,15,1208,22,1308,25,1408,51,1508,31,1608,27,1799,-99999,1899,-99999,1908,10,2099,-99999,2108,18,2208,17,2308,15,2408,29,2508,39,2608,18,2708,29,2899,-99999,2908,10,3008,29,3199,-99999
200007,2000,7,108,23,208,20,308,29,408,25,508,27,608,47,708,38,808,36,999,-99999,1008,50,1108,39,1208,50,1308,31,1499,-99999,1508,31,1608,39,1708,50,1808,34,1908,30,2008,38,2199,-99999,2299,-99999,2308,36,2408,24,2508,38,2608,27,2708,42,2808,21,2908,31,3008,31,3108,21
200008,2000,8,108,33,208,29,308,42,408,39,508,43,608,43,708,49,899,-99999,999,-99999,1008,37,1108,45,1208,46,1308,25,1499,-99999,1508,33,1699,-99999,1708,40,1808,43,1908,28,2008,48,2108,46,2208,45,2399,-99999,2408,35,2508,41,2608,43,2708,32,2808,49,2999,-99999,3099,-99999,3199,-99999
200009,2000,9,108,41,299,-99999,399,-99999,408,38,508,48,608,34,708,41,808,31,908,32,1008,32,1199,-99999,1208,42,1308,42,1408,36,1508,48,1608,42,1708,23,1808,31,1999,-99999,2008,42,2108,50,2208,24,2308,42,2499,-99999,2508,14,2608,16,2708,22,2808,34,2908,9,3008,14,3199,-99999
200010,2000,10,108,13,208,48,308,32,408,47,508,43,608,23,708,39,808,11,908,4,1008,17,1108,23,1208,17,1308,25,1408,31,1508,16,1699,-99999,1708,14,1808,9,1908,16,2008,14,2199,-99999,2299,-99999,2399,-99999,2408,0,2508,0,2608,0,2708,0,2808,8,2999,-99999,3008,24,3108,15
200103,2001,3,199,-99999,299,-99999,308,18,408,13,508,14,608,10,708,14,808,11,908,0,1008,12,1108,19,1299,-99999,1308,17,1408,17,1508,14,1608,13,1708,14,1808,14,1908,2,2008,7,2108,11,2208,15,2308,27,2408,5,2508,31,2699,-99999,2708,12,2808,13,2908,2,3008,0,3108,5
200104,2001,4,199,-99999,208,8,308,13,408,16,508,20,608,17,708,25,808,29,908,20,1008,26,1108,15,1208,34,1308,21,1408,11,1508,16,1608,28,1708,30,1808,21,1908,21,2008,22,2108,25,2208,11,2308,16,2408,32,2508,22,2608,30,2708,31,2808,38,2908,27,3008,29,3199,-99999
200105,2001,5,108,23,208,37,308,27,408,16,508,15,608,20,708,25,808,7,908,20,1008,21,1108,22,1208,22,1308,21,1408,30,1508,37,1608,36,1708,33,1808,151,1908,19,2008,18,2108,30,2208,19,2308,23,2408,24,2508,30,2608,33,2708,17,2808,0,2908,19,3099,-99999,3108,20
200106,2001,6,108,24,208,20,308,25,408,42,508,43,608,40,708,26,808,20,908,27,1008,40,1108,17,1208,45,1308,25,1408,34,1508,17,1608,24,1708,50,1808,45,1908,36,2008,44,2108,41,2208,22,2308,34,2408,38,2508,38,2608,47,2708,26,2808,33,2908,18,3008,33,3199,-99999
200107,2001,7,108,24,208,32,308,26,408,40,508,50,608,36,708,33,808,38,908,46,1008,38,1108,42,1208,41,1308,45,1408,15,1508,14,1608,40,1708,37,1808,49,1908,63,2008,34,2108,40,2208,50,2308,59,2408,41,2508,45,2608,50,2708,42,2808,43,2908,52,3008,42,3108,42
200108,2001,8,108,45,208,52,308,48,408,22,508,37,608,42,708,36,808,30,908,48,1008,45,1108,26,1299,-99999,1308,23,1408,22,1508,33,1608,34,1708,29,1808,6,1908,20,2008,35,2108,41,2208,47,2308,23,2408,22,2508,51,2608,45,2799,-99999,2808,20,2908,25,3008,22,3108,20
200109,2001,9,108,20,208,23,308,13,408,16,508,19,608,10,708,31,808,38,908,15,1008,30,1108,24,1208,22,1308,22,1408,17,1508,12,1608,20,1708,12,1808,26,1908,5,2008,16,2108,24,2208,14,2308,23,2408,34,2508,16,2608,14,2708,19,2808,23,2908,25,3008,16,3199,-99999
200110,2001,10,108,20,208,19,308,22,408,29,508,23,608,21,708,11,808,19,908,12,1008,4,1108,37,1208,3,1308,69,1408,11,1508,17,1608,18,1708,8,1808,15,1908,22,2008,12,2108,16,2208,21,2308,22,2408,28,2508,25,2608,22,2708,10,2808,12,2908,19,3008,24,3108,16
200203,2002,3,199,-99999,299,-99999,399,-99999,499,-99999,599,-99999,699,-99999,708,24,808,22,908,9,1008,16,1108,37,1208,17,1308,15,1408,36,1508,42,1608,5,1708,10,1808,16,1908,16,2099,-99999,2199,-99999,2299,-99999,2308,21,2408,35,2508,26,2608,4,2708,16,2808,19,2908,11,3008,38,3108,5
200205,2002,5,108,31,208,9,399,-99999,408,6,508,17,608,25,708,26,808,18,908,42,1008,59,1108,38,1208,16,1308,8,1408,25,1508,17,1608,33,1708,33,1808,8,1908,25,2008,25,2108,26,2208,35,2308,12,2408,18,2508,14,2608,20,2708,0,2808,5,2908,19,3008,20,3108,35
200206,2002,6,108,30,208,24,308,32,408,29,508,71,608,2,708,26,808,26,908,38,1008,26,1108,21,1208,45,1308,32,1408,65,1508,26,1608,35,1708,17,1808,42,1908,33,2008,35,2108,28,2208,30,2308,37,2408,34,2508,34,2608,29,2708,28,2808,32,2908,31,3008,38,3199,-99999
200207,2002,7,108,33,208,6,308,11,408,17,508,25,608,21,708,27,808,31,908,31,1008,31,1108,25,1208,19,1308,39,1408,19,1508,39,1608,31,1708,36,1808,17,1908,36,2008,38,2108,32,2208,39,2308,46,2408,25,2508,37,2608,33,2708,47,2808,43,2999,-99999,3099,-99999,3108,26
200208,2002,8,108,31,208,30,308,29,408,26,508,32,608,28,708,40,808,27,908,33,1008,40,1108,16,1208,25,1308,40,1408,23,1508,15,1608,40,1708,34,1808,40,1908,46,2008,37,2108,30,2208,33,2308,51,2408,42,2508,37,2608,21,2708,53,2808,20,2908,28,3008,26,3108,24
200209,2002,9,108,24,208,29,308,34,408,32,508,30,608,21,708,25,808,34,999,-99999,1099,-99999,1108,26,1208,22,1308,17,1408,28,1508,14,1608,20,1708,15,1808,21,1908,54,2008,16,2108,10,2208,31,2308,22,2408,16,2508,18,2608,20,2708,22,2808,28,2908,32,3008,22,3199,-99999
200210,2002,10,108,35,208,20,308,23,408,25,508,21,608,16,708,20,808,28,999,-99999,1008,10,1108,0,1208,12,1308,14,1408,14,1508,10,1608,16,1708,11,1808,13,1908,2,2099,-99999,2108,7,2208,11,2308,0,2408,4,2508,0,2608,10,2708,8,2808,7,2999,-99999,3008,7,3108,4
200304,2003,4,199,-99999,208,39,308,22,408,23,508,26,608,26,708,20,808,25,908,18,1008,21,1108,24,1208,18,1308,21,1408,31,1508,32,1608,48,1708,34,1808,12,1908,31,2008,34,2108,23,2208,23,2308,19,2408,11,2508,30,2608,21,2708,21,2808,35,2908,12,3008,21,3199,-99999
200305,2003,5,108,37,208,22,308,17,408,16,508,44,608,27,708,34,808,21,908,22,1008,37,1108,34,1208,46,1308,33,1408,50,1508,13,1608,19,1708,23,1808,18,1908,19,2008,35,2108,17,2208,11,2308,7,2408,16,2508,26,2608,23,2708,18,2808,23,2908,19,3008,43,3108,29
200306,2003,6,108,40,208,38,308,27,408,23,508,19,608,20,708,28,808,23,908,24,1008,29,1108,29,1208,35,1308,66,1408,8,1508,21,1608,26,1708,31,1808,29,1908,29,2008,30,2108,29,2208,23,2308,34,2408,40,2508,31,2608,10,2708,0,2808,25,2908,31,3008,17,3199,-99999
200307,2003,7,108,22,208,34,308,32,408,33,508,35,608,34,708,29,808,23,908,27,1008,39,1108,41,1208,40,1308,40,1408,40,1508,40,1608,43,1708,37,1808,40,1908,31,2008,51,2108,48,2208,35,2308,37,2408,40,2508,39,2608,38,2708,44,2808,42,2908,35,3008,43,3108,22
200308,2003,8,108,32,208,53,308,21,408,36,508,41,608,37,708,41,808,38,908,33,1008,28,1108,17,1208,38,1308,26,1408,19,1508,21,1608,16,1708,20,1808,34,1908,35,2008,39,2108,35,2208,31,2308,21,2408,20,2508,28,2608,36,2708,35,2808,24,2908,41,3008,21,3108,19
200309,2003,9,199,-99999,208,5,308,11,408,19,508,22,608,25,708,21,808,21,908,15,1008,30,1108,32,1208,9,1308,10,1408,7,1508,12,1608,18,1708,23,1808,33,1908,24,2008,18,2108,28,2208,10,2308,13,2408,27,2508,19,2608,17,2708,27,2808,25,2908,31,3099,-99999,3199,-99999
200310,2003,10,108,20,208,6,308,9,408,15,508,7,608,11,708,5,808,13,908,17,1008,5,1108,23,1208,7,1308,14,1408,21,1508,17,1608,21,1708,23,1808,11,1908,20,2008,21,2108,21,2208,16,2308,5,2408,22,2508,31,2608,29,2708,13,2808,20,2908,14,3008,29,3108,17
200404,2004,4,199,-99999,208,22,308,28,408,28,508,17,608,17,708,12,808,11,908,15,1008,16,1108,14,1208,15,1308,12,1408,24,1508,27,1608,27,1708,34,1808,29,1908,25,2008,11,2108,30,2208,17,2308,24,2408,8,2508,11,2608,20,2708,34,2808,29,2908,30,3008,26,3199,-99999
200405,2004,5,108,20,208,10,308,25,408,29,508,31,608,22,708,36,808,22,908,32,1008,29,1108,27,1208,22,1308,17,1408,30,1508,3,1608,31,1708,18,1808,35,1908,25,2008,56,2108,39,2208,41,2308,28,2408,36,2508,30,2608,17,2708,39,2808,4,2908,37,3008,37,3108,38
200406,2004,6,108,35,208,40,308,30,408,26,508,30,608,23,708,99999,808,55,908,12,1008,15,1108,23,1208,29,1308,37,1408,27,1508,33,1608,26,1708,27,1808,30,1908,26,2008,29,2108,21,2299,-99999,2308,26,2408,27,2508,30,2608,25,2708,25,2808,25,2908,13,3008,10,3199,-99999
200407,2004,7,108,39,299,-99999,308,16,408,37,508,35,608,88,708,38,808,29,908,36,1008,25,1108,26,1208,32,1308,30,1408,32,1508,30,1608,26,1708,24,1808,30,1908,30,2008,33,2108,37,2208,36,2308,33,2408,33,2508,18,2608,12,2708,25,2808,5,2908,50,3008,8,3108,22
200408,2004,8,108,22,208,36,308,28,408,38,508,30,608,29,708,16,808,22,908,23,1008,27,1108,43,1208,17,1308,31,1408,24,1508,13,1608,16,1708,25,1808,25,1908,31,2008,29,2108,16,2208,20,2308,20,2408,37,2508,27,2608,34,2708,42,2899,-99999,2908,22,3008,28,3108,20
200408,2004,8,108,22,208,36,308,28,408,38,508,30,608,29,708,16,808,22,908,23,1008,27,1108,43,1208,17,1308,31,1408,24,1508,13,1608,16,1708,25,1808,25,1908,31,2008,29,2108,16,2208,20,2308,20,2408,37,2508,27,2608,34,2708,42,2899,-99999,2908,22,3008,28,3108,20
200408,2004,8,108,22,208,36,308,28,408,38,508,30,608,29,708,16,808,22,908,23,1008,27,1108,43,1208,17,1308,31,1408,24,1508,13,1608,16,1708,25,1808,25,1908,31,2008,29,2108,16,2208,20,2308,20,2408,37,2508,27,2608,34,2708,42,2899,-99999,2908,22,3008,28,3108,20
200408,2004,8,108,22,208,36,308,28,408,38,508,30,608,29,708,16,808,22,908,23,1008,27,1108,43,1208,17,1308,31,1408,24,1508,13,1608,16,1708,25,1808,25,1908,31,2008,29,2108,16,2208,20,2308,20,2408,37,2508,27,2608,34,2708,42,2899,-99999,2908,22,3008,28,3108,20
200409,2004,9,108,19,208,18,308,23,408,26,508,30,608,31,708,27,808,31,908,20,1008,18,1108,27,1208,23,1308,37,1408,28,1508,35,1608,16,1708,21,1808,37,1908,24,2008,36,2108,31,2208,44,2308,10,2408,15,2508,20,2608,19,2708,15,2808,19,2908,13,3008,20,3199,-99999
200410,2004,10,108,22,208,14,308,22,408,13,508,99999,608,34,708,9,808,8,908,16,1099,-99999,1199,-99999,1208,6,1308,14,1408,21,1508,13,1608,20,1708,8,1808,8,1908,25,2008,9,2108,11,2208,13,2308,8,2408,15,2508,16,2608,0,2708,12,2808,6,2908,15,3008,23,3108,12